text,time,upvote,flair
Leave it to us to score 3 goals on 0 chances against Samp in a league match and score 0 on 20 chances in a UCL knockout,1647463117.0,32,:Italy:
"This is going to be one of those Juve games where they have 30 scoring chances, and Villareal will score a dirty penalty in the 80' and win. The opposite of a normal juve game.",1647463555.0,29,
Dude Vlahovic is so complete what the fuck,1647463578.0,27,:Olympiacos:
And at home so embarrassing. Damn Spanish domination returning to CL.,1647467082.0,26,:AC_Milan:
It wouldn‚Äôt be Juventus in Champions League if I dont feel my blood pressure drop for 2 hours,1647463450.0,24,:c_Juventus:
"Finally a reason to give a fuck about the Champions League again, go yellow submarines.",1647468102.0,19,:Ajax:
Villareal vs. Benfica in the quarters please.,1647467613.0,17,:Forge_FC:
"even against Man United in the Europa league final, Villareal waited and waited and found a way through in the end. Emery's masterclass. Good Ebening sir. Respect!",1647469830.0,16,
Cuadrado: Juve legend? what a player,1647461613.0,16,:LA_Galaxy:
"Lol, just saw my grandmother's best friend in the stands on TV.",1647463033.0,14,:c_Juventus:
Lmao let‚Äôs fucking go you yellow twats,1647467056.0,15,:Real_Madrid:
"Chiellini ""we're gonna win the champion's league this year""  

Villareal: ""yes""",1647467357.0,14,:AC_Milan:
Cmon Juve do it for the coefficient,1647463109.0,12,:c_AS_Roma:
"goodness, we should have been 2-0 up at least",1647463665.0,11,:Juventus:
Wild how many teams seem to be mentally collapsing this round.,1647467541.0,12,:Benfica:
"I just imagined this game with 2017 Sandro, or Spinazzola or Cancelo playing on the left side...",1647463862.0,11,:Juventus:
"Consecutive RO16 exits for Juve,it‚Äôs football heritage",1647467019.0,10,:Argentina:
Piemonte Calcio is officially eliminated from UEFA Champions League,1647467622.0,30,
Loving the happy Italian song on the background after a disaster class of a match lmao,1647467702.0,22,:Benfica:
"Less than 10 minutes of watching, and Villarreal score 3. Juve fans should thank me for not tuning in earlier as it could‚Äôve been 27-0 at this rate",1647467422.0,21,:FC_Barcelona:
"Vlahovic is magic, he's the one making things happen.",1647463675.0,10,:c_Juventus:
You can tell a ref is going to give a pen after going to the tv by how proud he looks when he‚Äôs running towards the pitch,1647466575.0,11,:Chelsea:
"3-0 Villarreal victory *in* Turin wasn‚Äôt *exactly* what I was expecting from this match, jeez Juve.",1647467338.0,10,:Leicester_City_FC:
"The match was pretty balanced, and then Juve conceded 3 goals in 15 minutes at home in the second leg of a Champions League knockout tie. This must be one of the mentally weakest performances I've ever seen.",1647467470.0,10,:Argentina:
I thought Villareal had a chance but I didn‚Äôt expect Juve falling completely apart like this,1647467501.0,10,:Denmark:
What was a better meltdown psg or juve?,1647467512.0,11,:AC_Milan:
"Emery winning in the CL, what's happening is he playing Europa League music in the locker room?",1647466914.0,10,:Bayern_Munich:
"""*Superleague*"" is being fast-tracked in this very moment by Agnelli.",1647467208.0,11,:r_soccer_user:
"Man, I wanted chukweze to score :(",1647467315.0,8,:Villareal:
3-0 most dangerous lead,1647467375.0,10,:FC_Barcelona:
Italian teams continue their path of misery in European competitions,1647467523.0,10,:Real_Madrid:
Common Piemonte you can still do it.,1647467526.0,9,:AC_Milan:
 Yellow nuclear submarine.,1647467614.0,9,:Argentina:
Madrid Atleti Villarreal and Benfica on one side of the bracket please,1647467712.0,17,:Real_Madrid:
Damn they really all said nah I'm not shooting,1647461738.0,9,:Colombia:
"Villarreal will very often will sit defensively and take things slow for 25 minutes then our of nowhere play some of the most beautiful football you'll see for 2 mins. 

They are genuinely all so good on the ball and cohesive but they always wait patiently for their moments to drive forward",1647462346.0,8,
Cuadrado is legit such a beast,1647462678.0,7,:c_Juventus:
Vlahovic is so good at that pass.,1647463571.0,8,:Manchester_United:
WTF is cuadrado doing...,1647463590.0,8,:Juventus:
"I can't believe we're actually playing football for once, they gonna make me cry",1647463839.0,8,:Juventus:
Must have been one of Arthur's first offside calls in his life that..,1647465156.0,8,:r_soccer_user:
Szczesny almost got it..,1647466574.0,9,:Rapid_Bucuresti:
Rugani said my job here is done,1647466581.0,8,:Real_Madrid:
how can you spend 300m in wages and still play with Rugani,1647466586.0,7,:AC_Milan:
How is Dybala 29? Wasn't he like 23 two weeks ago?,1647466699.0,8,
GIVE ME VILLARREAL BENFICA!!!,1647467042.0,8,:LA_Galaxy:
Morata is awful I wonder which club is he going to scam this coming transfer window,1647467108.0,8,:Real_Madrid:
Emery is goated,1647467190.0,9,:Chelsea:
Super League! Super League! Super League!,1647467231.0,9,:r_soccer_user:
Should have let the goal stood imo,1647467337.0,8,:c_Copa_America:
"3-0 for Juve at home against Villareal, my god that‚Äôs not embarrassing that‚Äôs just shamelessly awful",1647467366.0,7,:Argentina:
"Lmao, I think no one expected this score line.",1647467373.0,8,:Atletico_Madrid:
"See, losing to Villareal ain't that embarrassing! I demand an apology for all the banter last year for losing that final.",1647467417.0,7,:Manchester_United:
Super league is for the losers of Champions League,1647467437.0,8,:Kitchee:
The yellow submarine has sunk the Old Lady. This is hilarious at this point. Serie A isn't the league I once feared.,1647467467.0,8,:Olympique_de_Marseille:
So is De Ligt leaving this summer?,1647467501.0,7,:FC_Barcelona:
3rd consecutive season going out in the ro16 for Juve lmao,1647467614.0,14,:Real_Madrid:
ronaldo's fault.,1647467362.0,14,
We are actually creating a lot of trouble for villarreal. Much better than the first game,1647461871.0,7,:c_Juventus:
"We look pretty good so far, unlucky not to have scored",1647462410.0,6,
"Juve at every chance they get ;

 ""No... I don't think I will""",1647463025.0,6,:Olympique_de_Marseille:
But they said allegri only park bus üò≠,1647463881.0,8,:r_soccer_user:
"Honestly good game so far, didn't find it boring as some are saying",1647463895.0,8,:FC_Barcelona:
GOL!!!!!!!!!!!,1647466517.0,7,:Villareal:
"How strange, you sub in your best player and it changes the game, I wonder if Allegri will learn from this",1647466531.0,8,:pride::Juventus:
La Liga clear,1647466965.0,7,:Real_Madrid:
Fuck a Super league,1647467002.0,8,:Olympique_de_Marseille:
[deleted],1647467056.0,6,
Villarreal out-Juventused Juventus,1647467059.0,6,:FC_Barcelona:
Juventus has been awful in the UCL ever since they changed their badge.,1647467072.0,8,
This night keeps on getting better ahahah,1647467265.0,7,:Napoli:
How the mighty juve was once steam rolling the league and was reaching finals of the champions league not so long ago . The fall from grace .,1647467288.0,7,:r_soccer_user:
If only we had Super League then these peasants from Villareal wouldnt be qualified,1647467311.0,8,
It's the history of the Juventus,1647467312.0,7,:c_AS_Roma:
0-3 HAHAHA,1647467369.0,7,:Inter_Milan:
"3 nil, couldn‚Äôt even score a fucking goal at home.",1647467419.0,8,:AS_Roma:
"Juventus just imploded, not saying I am not happy",1647467426.0,7,:AC_Milan:
"hats off to Villarreal, they played great over the 2 legs.",1647467464.0,7,:Juventus:
I just hope De Ligt and Dybala get out of there in the Summer,1647467480.0,7,:transpride::St_Pauli:
Come on Villarreal! Get another one!,1647467489.0,6,:Mexico:
Imagine watching the PR League over some prime terrorism,1647460866.0,6,:LA_Galaxy:
Christ they‚Äôre already talking about extra time and we haven‚Äôt even got to the 10 minute mark.,1647461432.0,7,:AC_Milan:
Didn't score because he was onside,1647461545.0,6,:New_Zealand:
Cuadrado slipped into another dimension there,1647461816.0,7,:FC_Barcelona:
We‚Äôre not winning,1647461937.0,6,:Villareal:
Doesn‚Äôt feel like Villarreal can hold the floodgates back much longer,1647463098.0,7,
Nice to see Allegri use coherent pressing traps rather than run backwards and inshallah,1647463401.0,7,:c_Juventus:
Having a left flank without a left foot has its limitations..,1647463592.0,6,:r_soccer_user:
"Juve should go for Pogba next summer, Vlahovic receiving his passes could be lethal.",1647463666.0,6,:Real_Madrid:
Have a bad feeling this will go to penalties üò¨,1647463860.0,6,:Juventus:
Was it 8 players on Locatelli? Lmao,1647464823.0,5,:transpride:
"600 villarreal fans. The rest Juve, must be a bit overwhelming lol",1647466039.0,6,:c_Juventus:
It‚Äôs like watching chess,1647466043.0,5,:Juventus:
"Villarreal is so incredibly passive it borders on cowardice. I guess Emery is haunted by his UCL demons. Shame, because every time they tried to be more direct in the first half, it looked dangerous.",1647466179.0,5,:Dinamo_Zagreb:
The heavy artillery has arrived!!!,1647466288.0,6,:Villareal:
thats a pen in my book,1647466395.0,6,:Sevilla:
That‚Äôs a pen,1647466401.0,6,:Falkirk:
"That‚Äôs a pen, he exaggerates it but that‚Äôs a pen for sure",1647466403.0,6,:Croatia:
"Paramount + commentators suck. ""He got part of the ball"" while showing a reply of him getting no part of the ball whatsoever.",1647466447.0,6,:r_soccer_user:
Now park that submarine,1647466552.0,8,:Real_Madrid:
"Porto, Lyon and now Villareal lmao Juve",1647466824.0,4,:Denmark:
"are they singing ""como no te voy a querer"" lol",1647466854.0,6,:Real_Madrid:
Allegri has been Allegri-balled by Emery. Only fair really.,1647466985.0,6,:r_soccer_user:
You love to see it,1647466991.0,6,:Inter_Milan:
Let‚Äôs gooo Villarreal,1647466993.0,6,:Bayern_Munich:
"Damn I tune in, and it goes from 0-0 to 2-0 in 5 mins",1647467007.0,6,:FC_Barcelona:
Italian football is great. ü§≠,1647467264.0,5,:Argentina:
"Bro. WHERE the fuck is Juve‚Äôs defense? De Ligt and Danilo back there alone for fucking ages. 

They‚Äôve given up. Might as well not even try anymore. Ffs.",1647467305.0,7,:AC_Milan:
That should have been a red... Blocked a clear shot on goal.,1647467310.0,6,:Rapid_Bucuresti:
De Ligt loves playing keeper i swear. and a juve fan told me he didn‚Äôt hand ball it often lmao,1647467322.0,5,:Tottenham_Hotspur:
ref taking the piss,1647467324.0,6,
Not that it matters but why didn't he get a red ?,1647467338.0,6,:AC_Milan:
Ref is torturing them with this wait lmaoo sadistic psycho,1647467344.0,6,:FC_Barcelona:
"AND THREE, VAMOS",1647467363.0,6,:FC_Barcelona:
Excellent result for Villarreal,1647467430.0,6,:Mexico:
"cmon villarreal, we want more",1647467430.0,7,:AC_Milan:
Che figura di merda.,1647467432.0,6,:Real_Madrid:
"Shouldn‚Äôt that be a red for De Ligt?

Or does double jeopardy cover that too? Because that was a crazy handball",1647467448.0,5,:FC_Barcelona:
The crowd that stayed just wanted to whistle,1647467591.0,7,
Why's de ligt's handball not a red?,1647467623.0,6,:FC_Barcelona:
congrats my Villareal hermanos!,1647467680.0,6,:Real_Madrid:
Good job Villarreal. And Agnelli wanted to play in the Superleague. Why did he think that Juve was good enough haha? Congrats to Villarreal.,1647467692.0,10,:Sporting_Clube_de_Portug:
I thought la liga teams are trash..... How is this possible?,1647485423.0,12,
The state of Serie A in Europe,1647467551.0,15,:Spain:
"Juve at home, must win match. Dosnt press at all. Welcome back Allegri",1647461214.0,5,:AC_Milan:
"Emery never advanced in CL knockout, meanwhile did it 24 times out of 25 in EL.",1647461248.0,5,
This is going to be a long and boring game by the looks of it,1647461343.0,5,:AC_Milan:
Cuadrado is so goooood,1647461540.0,6,:c_Juventus:
What a save,1647461559.0,4,:Bayern_Munich:
In last year‚Äôs second leg game against Porto a free morata header was incredibly saved by the keeper early in the game‚Ä¶ just like this one‚Ä¶ pls let the rest be the same too lmfao,1647461602.0,4,:Real_Madrid:
no idea how Villareal are managing to hold atm lol,1647461746.0,5,
"What the fuck man, how did nobody shoot there‚Ä¶",1647461754.0,5,:pride::c_Juventus:
"Morata should‚Äôve shot there, but cuadrado asked for chance. Bad idea",1647461922.0,6,:c_Juventus:
BT Sport: CUADRAYDOH,1647462100.0,6,:Bayern_Munich:
I thought that went in,1647462221.0,5,:FC_Barcelona:
"Jesus Christ, I thought that was in.",1647462291.0,6,:c_Juventus:
Rulli gonna have his sole on the ball for half the game if they don't pressure him.,1647463274.0,4,:r_soccer_user:
How have they not scored on a set piece yet.. just a right bounce away,1647463517.0,6,:r_soccer_user:
"Such a great game so far, let's hope it continues like this in the second half. Extremely entertaining.",1647463679.0,6,:AC_Milan:
There‚Äôs a reason why Vla out scoring Mbapp√© and Haaland this season dude is a beast. Watch the Oil clubs trying get him next year,1647464064.0,6,:r_soccer_user:
Is it just me or does Vlahovic kind of look like Patrick Bateman,1647464626.0,4,:pride::AC_Milan:
Dybala time.  We need to move the ball faster.,1647465748.0,6,:Juventus:
"I fucking love Pervis Estupi√±√°n, shame the deal to Napoli didnt happen",1647465749.0,4,:Napoli:
"As much as I may not like Juve, I love me some Chiellini.",1647466093.0,6,:AC_Milan:
Shits about to get real,1647466306.0,5,:Juventus:
Clear penalty,1647466382.0,5,:Spain:
Should be a penalty imo,1647466399.0,5,:FC_Utrecht:
"Clear pen, VAR do something",1647466446.0,5,:Spain:
"Someone said Rugani would give away a pen, he was right on the money",1647466491.0,4,:Argentina:
What a huge penalty.  Villarreal will be parking the bus with all 11 now.,1647466572.0,5,:Real_Madrid:
The fuck Juve? Like this? Where's the legendary defense?,1647466614.0,5,:AC_Milan:
We are gonna get a taste of our own medicine. Zero shots on target yet they are winning,1647466655.0,5,:c_Juventus:
This ref is buff,1647466712.0,5,
Why I am embarrassed?,1647466936.0,5,:AC_Milan:
"That's my favourite player right there, PAU TORRES!",1647466968.0,6,:Villareal:
"Haha 


Well done Emery",1647466979.0,5,:Sevilla:
Villarreal are getting to the semifinal 100%.,1647467008.0,6,:Real_Madrid:
Oh my god Juve. How the hell did this happen?,1647467013.0,5,:Germany:
Vabb√® porcodio a tutto il mondo buonanotte a tutti e fanculo la Madonna inculata da Satana,1647467045.0,5,:Juventus:
"Also, thanks Allegri for starting to sub players AFTER taking a goal at the 80th minute...",1647467107.0,6,:Juventus:
The guy smoking a cigarillo looked badass ngl,1647467182.0,3,:Chelsea:
"Wtf why did the ref whistle? Not gonna change the result but that's stupid, Milan-Spezia didn't teach anything?",1647467287.0,6,:c_AS_Roma:
Spanish teams love Europe,1647467303.0,4,:Manchester_United:
Juve fell apart completely,1647467315.0,5,:Argentina:
Oh dear Juventus,1647467319.0,4,:Manchester_United:
Juve falling apart lol,1647467319.0,6,:Mexico:
De Ligt THE GREAT,1647467326.0,6,:AC_Milan:
Watch Villareal knock out city,1647467334.0,6,:Real_Madrid:
Blow the fucking whistle lmfao,1647467341.0,6,:Real_Madrid:
"Wow, Juve completely shat their britches.",1647467351.0,6,:LKS:
So fucking aweasome!,1647467358.0,5,:pride::Girona_FC:
Allegri masterclass,1647467380.0,6,:AC_Milan:
"Why was the Var check so long lmao, my man diving at the ball with his arm",1647467404.0,5,
Insane the complete meltdown from Juve.,1647467465.0,4,:AC_Milan:
"Juventus somehow proving, that, in reality, you can get sucker punched 3 times even without doing anything...",1647467474.0,6,
... How Juventus? How?,1647467507.0,5,
"They are not even celebrating, they feel bad for it lol haha",1647467681.0,5,:transpride::St_Pauli:
I guess no team want to draw Villareal,1647467696.0,5,
"Time for a big rebuild, which was postponed back in 2018",1647467974.0,6,:Union_Berlin:
That Villarreal keeper did some serious work,1647492070.0,4,
Juve deserve to go through just to hear the stadium shouting THE CHAMPIONSSSSSS in QF,1647460764.0,8,:Real_Madrid:
This has to be the most deceiving result in history,1647467341.0,10,:FC_Barcelona:
Good ebening,1647467428.0,10,:Manchester_United:
love seeing juventues fail makes my day,1647468377.0,22,:Real_Madrid:
"Dude if Dusan doesn‚Äôt score today, god is an asshole",1647463019.0,9,:c_Juventus:
Is that not a penalty on De Ligt?,1647463682.0,8,:Juventus:
"vlahovic so good, make me worried if madrid or city want him lol",1647463834.0,8,:Juventus:
"Told ya Juve would get fucked. 

Honestly probably deserved something, but basically as soon as Villarreal decided to attack they scored, even if through luck.",1647466579.0,9,:transpride::Napoli:
How are Juve fans talking about shit game style? Their manager is Allegri.,1647466695.0,8,:Spain:
This match is like a game of chess.  Hard to believe Juve are playing so passively at home.,1647461310.0,4,:r_soccer_user:
"I hope Villarreal win and draw Benfica, would be cool to see either club in the semifinal",1647461531.0,4,:LA_Galaxy:
How Arthur is playing this season Juve fans? His passes are still great? Don't know if we can find a place for him between Casemiro and Fabinho in Brazil's mid.,1647461594.0,4,
Kwey-drado,1647461599.0,3,:Juventus:
WTF WAS THAT IDIOTS,1647461728.0,5,:Italy:
Danjuma absolutely loves his hips.,1647461771.0,5,:r_soccer_user:
That was a nice move by villareal,1647461780.0,4,:FC_Barcelona:
Villareal play some good football when they have the ball.,1647461796.0,3,
"Complete domination, lovely.",1647462090.0,4,:pride::c_Juventus:
"Villarreal play some nice football, but their build-up is so slow that Juve usually have all their defenders back in position by the time they get near the box.",1647462161.0,4,:r_soccer_user:
wooow i thought that was in,1647462219.0,4,
That's a great hit,1647462241.0,4,:Mexico:
Fuck I thought that went in,1647462279.0,4,:FC_Barcelona:
"My commentator shouted goal.  I mean thats how football works, 2-3 good juve shots, crossbar than Villareal have to score.",1647462320.0,3,
Fun game,1647462458.0,3,:c_Juventus:
De Sciglio watched Roberto Carlos tapes?,1647462487.0,4,:pride::Juventus:
Danilo got absolutely rinsed there my god,1647462746.0,3,:Italy:
Every Juve set piece is dangerous as fuck,1647462978.0,3,:r_soccer_user:
How has Vlahovic not scored yet,1647462984.0,5,:transpride::Real_Madrid:
Rulli with the hockey save,1647463027.0,4,:pride::Juventus:
Villareal want this to go to penalty now,1647463264.0,5,:Juventus:
How has Vlahovic been so far?,1647463520.0,4,:Balikesirspor:
"Evra asking the real questions in prime video

Why the fuck doesn't Arthur do the long pass himself instead of slowing the play down by passing it short to another.",1647464094.0,4,
who the hell cuts dybala's hair,1647464892.0,2,:r_soccer_user:
Kind of funny hearing the sound of 100 cameras click as Morata shoots into the top of the stands,1647464919.0,6,:pride::AC_Milan:
Vlahovic is a tank,1647465628.0,4,
That one fan staring at his phone and yawning üòÖ,1647465683.0,4,:r_soccer_user:
Tick tock,1647465948.0,4,:c_Juventus:
"This is what I want to see, tiqui taca",1647466015.0,4,:Villareal:
"Watching this game so far saying ""it's only 50 minutes until penalties"" feels justified.",1647466206.0,4,:LKS:
"Over 70 minutes in and no subs, fucking hell

Edit: never mind, maybe dybala's about to come on?",1647466317.0,4,:Juventus:
Yeah thats a penalty,1647466416.0,5,:Napoli:
That‚Äôs got to be a pen‚Ä¶,1647466432.0,5,:AC_Milan:
100% a pen lmao this is not up for discussion,1647466466.0,5,:FC_Barcelona:
LET'S FUCKING GOOOOO,1647466535.0,5,:Villareal:
Idk about that decision,1647466561.0,4,:FC_Barcelona:
Woj was inches from saving 4 penalties in a row.,1647466567.0,4,:AC_Milan:
You're kidding me. First shot on goal by Villareal... is from a penalty in the last 15 minutes.,1647466577.0,3,
haircut of a 13 year old,1647466579.0,4,:Algeria:
Well undeserving af but that's football for you,1647466594.0,3,:Olympiacos:
Kpop Dybala.,1647466627.0,5,:Real_Madrid:
üíÄ,1647466664.0,4,:Bayern_Munich:
Juve in Champions League is heartbreaking.,1647466668.0,5,
I hate that haircut on Dybala,1647466754.0,4,
Only Bernardeschi can save Piemonte Calcio,1647466758.0,3,:AC_Milan:
"Oh well, it's over. Up to us and Atalanta now to keep Italy's coefficient up I guess.",1647466967.0,4,:c_AS_Roma:
VAMOS!!,1647466969.0,3,:Real_Madrid:
Juve is kill. Ded,1647466996.0,4,:AC_Milan:
GOL!!!!!!!!!,1647466996.0,4,:Villareal:
"Emery masterclass, started playing 3 attackers in the last 15 minutes causing chaos for Juve",1647467002.0,4,
I want to cry gollllllllll,1647467008.0,5,:Villareal:
Lol,1647467012.0,3,:Juventus:
Pau torres !!!  gotta be one of my favorite cb in the top 5 leagues .,1647467018.0,3,:r_soccer_user:
Who else remembers that ESPN special on that fan in California? Bless that adorable little guy. Can only imagine his reaction right now.,1647467030.0,3,:AC_Milan:
Hahahahahahahaha,1647467035.0,4,:r_soccer_user:
Honestly haven't watched Juventus that much this season but de Ligt has been extremely underwhelming these two games against Villarreal. Last game responsible for the goal and now this one as well. Also just bad passing at times and out of position.,1647467038.0,4,:FC_Utrecht:
my god Arthur is fucking garbage. Sideway pass merchant,1647467061.0,5,:Manchester_United:
Juve are fucking Ass,1647467096.0,4,
Group winner Juve not going thru ro16? Sheeesh,1647467112.0,2,:Chelsea:
Agnelli lol,1647467212.0,3,:FC_Barcelona:
Penalty again..........,1647467229.0,4,:Bayern_Munich:
"Moreno has destroyed Juve in just 15 minutes, incredible",1647467261.0,5,
Bruh wtf is happening Juve are down bad lmaoo,1647467266.0,4,:Argentina:
Noooo it would be a Chukwueze goal :(,1647467272.0,4,:Villareal:
Lmao wtf was that whole sequence,1647467288.0,3,:Bayern_Munich:
"De Ligt tripping over his feet, the man has no balance looks so awkward sometimes",1647467313.0,4,:FC_Utrecht:
"Emery deserves this, especially after the horror show he's had during his PSG spell",1647467348.0,4,:FC_Barcelona:
When's the last time Juve lost by 3 goals on aggregate?,1647467376.0,4,:r_soccer_user:
"Juve, what happened?",1647467379.0,4,
I can‚Äôt believe it‚Äôs 3-0 üò≠,1647467396.0,4,:Real_Madrid:
Emery is a legend,1647467413.0,4,:Sevilla:
"Bye Allegri, dinosaur hahahah",1647467458.0,4,:LA_Galaxy:
"Im gonna murder someone if I have to listen to that BT Sport bloke call Cuadrado ""Cuadraydow"" another fucking time",1647461871.0,7,:pride::Leicester_City_FC:
Villareal walrus,1647463446.0,7,:Juventus:
The white Juve seats(?) are looking like piano keys lol,1647463639.0,8,:transpride:
"THAT'SS LA LIGA FOR YOU, YOU BASTARDDSSSS!!!!!!!",1647467027.0,8,:FC_Barcelona:
"Hopefully Juventus lose to Lazio, Fiorentina and Inter to miss out on top 4 :)",1647467319.0,8,:Bayern_Munich:
Wtf happened to De Ligt?,1647467521.0,7,:Manchester_United:
"TIL City had Rulli at some point. He is such a cutie, i would never have guessed he is almost 30",1647463109.0,4,:transpride:
"These announcers are awful. 

‚ÄúIf Juve don‚Äôt put away one of their chances it‚Äôs gonna come back to bite them.‚Äù

Well yeah that‚Äôs what happens if you don‚Äôt score? Lmao. No insights at all. And another said someone wouldn‚Äôt score a penalty on Mendy? He‚Äôs a great keeper but notoriously terrible against penalties",1647464259.0,5,:Chelsea:
"Juve is IMHO playing good and yet can't shake the feeling they are going to get fucked. This is why imho Villarreal was a way worse matchup for them than Sporting which they drew the first time. They are a composed and organized team, weirdly comfortable both parking the bus and holding the ball. 

Hopefully they win, as fun as it would be to watch them lose I'd rather have them distracted at least for another month and it would be sad if every Italian team went out instantly.",1647465001.0,5,:transpride::Napoli:
Thats 1000% a penalty but the way he fell was like a sky diver lol,1647466481.0,7,:Napoli:
Villareal v Benfica in the next round for some real terrorist football,1647466646.0,6,:Abahani_Limited:
Honestly good riddance Juve has been so flat,1647466970.0,6,:New_Zealand:
Lololololol,1647467500.0,8,:Everton:
[removed],1647463682.0,9,
Cuadrado as good as ever,1647461529.0,3,:transpride::Real_Madrid:
Of course we‚Äôll play like this until we score then terrorism starts.,1647461568.0,3,:pride::c_Juventus:
Does bald Allegri remind anyone else of Mike Dean?,1647461614.0,3,:r_soccer_user:
Shoot ffs,1647461708.0,3,:Olympiacos:
The Villarreal goal is living a charmed life.,1647461731.0,3,:r_soccer_user:
LMAOO Fifa IRL,1647461743.0,3,:FC_Barcelona:
We should be 2-0 up already,1647462178.0,3,:Juventus:
De Sciglio turned into a beyblade there,1647462258.0,3,:Real_Madrid:
why are the bottom 3 or 4 rows empty?,1647462267.0,3,:AFC_Bournemouth:
Love this game so far,1647462435.0,3,:Olympique_de_Marseille:
Rugadinho,1647462818.0,3,:r_soccer_user:
"Now that I think about it, we have no specialists for free kicks on the field. I guess cuadrado?",1647462917.0,3,:c_Juventus:
We're playing so good for once but the fucking ball doesn't want to go in.,1647462980.0,3,:c_Juventus:
FUCK OFF,1647462988.0,3,:pride::c_Juventus:
Rulli is crazy right now. Brick wall like,1647463021.0,3,:r_soccer_user:
All Villarreal players have sneakers on.,1647463089.0,3,:r_soccer_user:
"I can understand playing conservative, but wasting time ? Why",1647463421.0,3,:AC_Milan:
FML,1647463547.0,3,:Italy:
They are still slipping.. crazy,1647464740.0,3,:r_soccer_user:
Wtf did dybala do to his hair?!?!?,1647464891.0,3,:c_Juventus:
I think this is the first game i am watching where I am completely unbiased and i am finding it interesting lol,1647465232.0,3,:transpride:
Danilo got folded like a beach chair,1647465312.0,3,:Napoli:
"It's weird that Villarreal has both Coquelin and Capoue, right?",1647465564.0,3,:transpride::Napoli:
"I‚Äôm not sure who these announcers are for this game on Paramount+ but my god are they boring. 

There are some LONG pauses between sentences and they seem to talk without giving any informative information‚Ä¶",1647465569.0,3,:AC_Milan:
"Come on, we just need a goal. Someone do something.",1647466210.0,3,:c_Juventus:
I‚Äôm a simple man. All I wanna see is Vlahovic score,1647466224.0,3,
"Gerard is on, vamos Villarreal",1647466275.0,3,:Sevilla:
gotta be a pen,1647466412.0,3,:Benfica:
Penalty,1647466416.0,3,:Colombia:
"ajajaja thats pk unfortunately. come on tek 
magic",1647466420.0,3,:Juventus:
That looked like a PK,1647466421.0,3,:FC_Barcelona:
Has to be a pen,1647466452.0,3,:Bayern_Munich:
that's a pen!!!,1647466459.0,3,:FC_Barcelona:
Defy a pen. Rugani classic.,1647466464.0,3,:AC_Milan:
Smart by qocuelin. Rugani is a moron and he takes advantage of it.,1647466475.0,3,
"How did he miss that, clear pen",1647466478.0,3,:Inter_Milan:
Clear pen,1647466488.0,3,:pride::Juventus:
The rare dive **and** penalty.,1647466496.0,3,:Manchester_United:
Damn That‚Äôs a pen rugani messed up,1647466504.0,3,:r_soccer_user:
Weird dive but that looked a foul and so a pen,1647466521.0,3,:FC_Barcelona:
"Fuck, so close Woj.",1647466552.0,3,:LKS:
So close Szczesny. Now things are getting interesting,1647466554.0,3,:FC_Barcelona:
Damn Szczesny almost got there,1647466556.0,3,:Hull_City:
Sczenzy so close,1647466560.0,3,:Bayern_Munich:
"Damm straight away substituted haha, that's rough",1647466566.0,3,:FC_Utrecht:
Gotta do better with that pen,1647466594.0,3,
Big Bruhve Moment,1647466598.0,3,:AC_Milan:
"Oh Juve, how the fuck have you managed to lose this match?",1647466647.0,3,:Germany:
What a unlucky time for the pen. Just before his substitution,1647466693.0,3,:transpride:
Watch Allegri do something stupid like bring on Bernardeschi for Cuadrado now.,1647466725.0,3,:AC_Milan:
Rulli goddamnn,1647466733.0,3,:Real_Madrid:
Have to be calm there is still time,1647466775.0,3,:Villareal:
"When Rulli has his flashes of brilliance he's so good. With consistency he would've had a chance of starting for Argentina, when we didn't really have an established no. 1.",1647466897.0,3,:Argentina:
Hahaha,1647466917.0,3,:r_soccer_user:
VAMOSSSSSSSSSSSSS,1647466942.0,3,:FC_Barcelona:
Hahaha La Liga let's goooooo,1647466942.0,3,:c_Atletico_Madrid:
Welcome to the abyss Juve,1647466967.0,3,:Manchester_United:
Holy shit holy shit,1647466974.0,3,
Juve done lol. Fans are already leaving the stadium,1647466981.0,3,:FC_Barcelona:
Pau > Matthijs,1647466991.0,3,:r_soccer_user:
Beautiful,1647467000.0,3,:Celtic:
"I mean, can‚Äôt be too salty. We‚Äôve won so many games exactly like this.",1647467001.0,3,:pride::c_Juventus:
Lovely goal,1647467005.0,3,:Mexico:
"That Dracula jog, master",1647467010.0,3,
Yessss!,1647467016.0,3,:FC_Barcelona:
Hahahahahahahahahaha,1647467020.0,3,:Real_Madrid:
I love Emery,1647467021.0,3,:Sevilla:
/u/AllegriLover in shambles,1647467071.0,3,:Real_Madrid:
It‚Äôs so evident that Allegri has no plan if Juve doesnt get a first half goal so they can park the bus,1647467073.0,3,:Denmark:
Man juventus has gone back alot,1647467081.0,3,
Spanish teams just never fail to show up in Europe you gotta respect it,1647467142.0,3,:r_soccer_user:
"Wrong cup emery, dont scare us",1647467153.0,3,:r_soccer_user:
LMAO,1647467218.0,3,:Real_Madrid:
Wtf?,1647467236.0,3,:Real_Madrid:
Shambolic,1647467247.0,3,:Orlando_Pirates:
Lmfaooooooo,1647467259.0,3,:Real_Madrid:
Morata is so shit,1647467266.0,3,:FC_Barcelona:
Just count the goal. WTF?,1647467274.0,3,
What a disaster for De Ligt,1647467276.0,3,:FC_Barcelona:
De ligt loves a handball,1647467292.0,3,:Real_Madrid:
HAHAHAHAHAHAHAHA,1647467295.0,3,:FC_Barcelona:
"De Ligt???

Bruuuuhhh what is that",1647467296.0,3,:FC_Barcelona:
3-0,1647467326.0,3,:Bayern_Munich:
GOL!!!!!!!!!,1647467389.0,3,:Villareal:
I want Juve to score two goals just so the hope hurts more.,1647467459.0,3,:AC_Milan:
"Gerard Moreno masterclass. Comes on for 20 minutes, Villareal scores 3.",1647467543.0,3,:Rapid_Bucuresti:
Would love to see Villarreal progress to the next round,1647460950.0,5,:Mexico:
Villareal lucky af rn,1647462227.0,5,:Italy:
This match reminds me of that cycling pursuit race where the two cyclists spend most of their time standing completely still.,1647463371.0,5,:r_soccer_user:
Don‚Äôt feel bad for Rugani.   He‚Äôll get to go to his hot wife.  Feel bad for the rest of us juventini.,1647466676.0,6,:Juventus:
Vlahovic surely loves laying on the ground,1647466891.0,5,
Good ebening,1647467013.0,5,
"You wann hear a joke?

De Ligt ( Õ°¬∞ Õú ñ Õ°¬∞)",1647467283.0,6,:Legia_Warsaw:
[deleted],1647467301.0,5,
"What the absolute, literal fuck Juve. Were you jealous that PSG was getting all the headlines for their collapse and thought ‚Äúhey what about us?‚Äù",1647467442.0,5,:Liverpool:
Ronaldo was clearly a problem in this club,1647466967.0,6,:Legia_Warsaw:
"ronaldo's fault, kills team chemistry and cancerous in the dressing room",1647467542.0,12,
"And they said Ronaldo was the problem.

Edit- P.S. Please don‚Äôt comment ‚ÄúManchester United got out‚Äù. Manu is worse than Juve, just that Ronaldo saving their ass occasionally makes them look alright. Ronaldo got both of his transfers wrong. Man city would‚Äôve been amazing but thanks to his old teammates and SAF, he wasted another year of his career, lol.",1647504780.0,9,
Vlahovic is FIRE,1647461716.0,3,:transpride::Real_Madrid:
"We could have easily got Lo Celso but instead, have Zakaria now. (Kinda irritated by that)

I gotta say that was a world-class finish from Vlahovic even though he didn't score on that.",1647462429.0,4,:c_Juventus:
Lo Celso not being a Juventus player hurts a lotü§ßüò¢,1647463961.0,3,:c_Juventus:
[removed],1647465931.0,2,
"Thats clear penalty, no idea how people can think differently",1647466488.0,4,:FC_Barcelona:
Good Ebening,1647466951.0,5,:Serbia:
De Ligt should join Barca,1647467307.0,3,:Real_Madrid:
"So Juve are gonna dominate the whole match and Villareal are gonna shithouse a win, aren't they",1647462460.0,5,:transpride::Real_Madrid:
The history of Juventus.,1647467129.0,4,:Tottenham_Hotspur:
At least the Juventus fans that chat shit about Cristiano can go out the same round as him this year,1647467238.0,4,:Real_Madrid:
"PSG, Juve and ManU all getting knocked out in the most unexpected way",1647467537.0,5,:FC_Barcelona:
And apparently Ronaldo was ‚ÄúThe Problem‚Äù and was ‚Äúholding them back‚Äù,1647467440.0,8,
Allegri luring to sleep again?,1647460811.0,2,:AC_Milan:
Moreno on the bench lets go,1647461043.0,2,:pride::c_Juventus:
how many minutes can Moreno play today ?,1647461122.0,2,
[deleted],1647461236.0,2,
Rulli performing miracles again.,1647461530.0,2,:r_soccer_user:
How has Vlahovic been so far?,1647461538.0,2,
Alvarooo üò≠üò≠,1647461563.0,2,
Morata should have left it fuck me,1647461853.0,2,:Italy:
There are only two possible outcomes for this match. Juve win 1-0 via scrappy penalty or Villareal win on penalties.,1647462097.0,2,:Celtic:
Rugani the GOAT.,1647462107.0,2,:c_Juventus:
"I was against taking the away goal rule but I think I was wrong. Teams seem to be playing much more ""relaxed"" and are willing to risk more.",1647462148.0,2,:America_de_Cali:
Saint crossbar right there man,1647462182.0,2,:Olympiacos:
JESUS CHRIST,1647462202.0,2,:Juventus:
OMG GRT IN THE FUCKING NET,1647462208.0,2,:c_Juventus:
Jahovic looks like a sexier gaston,1647462229.0,2,:Besiktas:
De Sciglio best player on the pitch,1647462511.0,2,:AC_Milan:
"Hey, thats Danilo. It took me 26 min to get he is playing tonight.",1647462554.0,2,
Lay that off sooner,1647462598.0,2,:AC_Milan:
where was all the Juve players there on the back post.. weird on the corner.,1647462605.0,2,:r_soccer_user:
So messy,1647462618.0,2,:c_Juventus:
nice pass by Lo Celso,1647462728.0,2,:Sevilla:
Hips don't lie.,1647462739.0,2,:r_soccer_user:
CALMA CALMA,1647462774.0,2,:c_Juventus:
"Rulli, I'm going to build you a statue",1647462804.0,2,:Villareal:
Rulli on a mad one today,1647462968.0,2,:AFC_Bournemouth:
"RULLI, I'M GOING TO BUILD YOU A GOLD STATUE",1647462968.0,2,:Villareal:
Insane save!,1647462991.0,2,:Real_Madrid:
Rulli!!!!,1647462997.0,2,
Rabiot is inspired,1647465393.0,2,:c_Juventus:
"Rulli, keep it up  so in the penalty shootout we have some chance",1647465478.0,2,:Villareal:
60 minutes. Dybala needs 20,1647465633.0,2,:c_Juventus:
Vlahovic ate his Wheaties this morning.,1647465649.0,2,:AC_Milan:
I really enjoy the way Marciniak is refereeing.,1647466065.0,2,:LKS:
Pregunta para los que hablan espa√±ol: se pronuncia Cap√∫ o Capu√©?,1647466189.0,2,:Argentina:
Villareal are awful at counters,1647466226.0,2,:r_soccer_user:
There‚Äôs no space lmfao,1647466241.0,2,:c_Juventus:
Finally Dybala in!,1647466319.0,2,:pride::Lazio:
Ooooh,1647466402.0,2,:FC_Barcelona:
It has to be penalty,1647466408.0,2,:Legia_Warsaw:
That's tough,1647466408.0,2,:pride::Argentina:
???,1647466421.0,2,:Real_Madrid:
"The ref is not going to ignore this penalty, is he?",1647466431.0,2,:pride::Girona_FC:
Not like this‚Ä¶not like this,1647466433.0,2,:pride::c_Juventus:
Come on VAR.,1647466437.0,2,:r_soccer_user:
Pen,1647466442.0,2,:Portland_Timbers:
Im not buying it..,1647466446.0,2,:r_soccer_user:
Good var,1647466466.0,2,:Real_Madrid:
Let‚Äôs goooooo,1647466477.0,2,:Real_Madrid:
He‚Äôs definitely looking for it but still a pen,1647466479.0,2,:pride::AC_Milan:
Oh my,1647466479.0,2,:Real_Madrid:
That was close,1647466506.0,2,:Spain:
Grazie Rugani üëç,1647466511.0,2,:Juventus:
"fk me, every year man godam, I knew it",1647466511.0,2,:Juventus:
Juventus are fucking shit,1647466512.0,2,:New_Zealand:
VAMOOSSSS VILLARREAL,1647466539.0,2,:Real_Madrid:
oof that was quite close,1647466544.0,2,
GET IN,1647466547.0,2,
FFS Juve,1647466553.0,2,:Liverpool:
Gerard Moreno just needs to be on the pitch for 2 minutes and scores wow,1647466559.0,2,:Valencia:
Park the bus time now,1647466561.0,2,:AC_Milan:
Nice try by Sczcezny,1647466565.0,2,:c_Juventus:
"If hes there, he should almost keep that out.. good try though.",1647466569.0,2,:r_soccer_user:
Was Dybala injured?,1647466584.0,2,
Dybala has to take this shot,1647466607.0,2,
Dybalaaa,1647466616.0,2,
Rulli is saving their ass big time.,1647466760.0,2,:AC_Milan:
Come on man,1647466785.0,2,:c_Juventus:
How did Villarreal get 48%?,1647466827.0,2,:Real_Madrid:
"i just wanna say:

√ë√ë√ë√ë√ë√ë√ë",1647466832.0,2,
 holy shitttttt,1647466921.0,2,:AFC_Bournemouth:
Lmao,1647466926.0,2,:Spain:
What a collapse.,1647466930.0,2,
Fucking lmao,1647466938.0,2,:Olympiacos:
VAMOOOOOOOOSSSSS,1647466950.0,2,:Napoli:
LETS GOOOO CMON VILLARREAL,1647466951.0,2,:Real_Madrid:
HOLY SHIT THEY DID IT,1647466953.0,2,:FC_Barcelona:
Que rico,1647466967.0,2,:Napoli:
That was so sloppy leading up to the corner too lol,1647466977.0,2,:USA:
Oh shit well then,1647466982.0,2,:Hull_City:
Allegris DAIs gotta be numbered at juventus,1647466982.0,2,:AC_Milan:
Nice one,1647466983.0,2,
every year,1647466987.0,2,:Juventus:
"Emery, it's a wrong cup, come on.",1647466997.0,2,:LKS:
Wow...shocking!,1647467003.0,2,:Real_Madrid:
"Welp, bye bye juve",1647467036.0,2,
What a cutieee,1647467042.0,2,:transpride:
Juve gtfo,1647467045.0,2,
"Now focus, there is still time left",1647467055.0,2,:FC_Barcelona:
Cursed,1647467094.0,2,
Lfg!!!!!!,1647467106.0,2,:Chelsea:
Please bring Zidane next season for fucks sake.,1647467207.0,2,:pride::c_Juventus:
De Ligt,1647467239.0,2,:r_soccer_user:
üòÇüòÇüòÇüòÇüòÇ,1647467244.0,2,
lol wtf pen but he was scoring haha,1647467253.0,2,
High spike in tobacco companies‚Äô stocks.,1647467255.0,2,:Real_Madrid:
absolute lol,1647467255.0,2,:AC_Milan:
LMFAO what is happening,1647467258.0,2,
This is too fucking funny,1647467260.0,2,:Croatia:
Messy Juve shit mentality,1647467261.0,2,:pride::Lazio:
This is awful.,1647467264.0,2,:AS_Roma:
Danjumerr,1647467283.0,2,
Can we just throw in the towel for them?,1647467287.0,2,:FC_Barcelona:
Juve's falling apart,1647467289.0,2,:Hull_City:
Absolute joke of a team lmaoo,1647467299.0,2,
Lol,1647467336.0,2,
GOLLLLLLLLLLLLLLLLLLLLLLLLLLLLLLLLLLLLLLLLLLLLLLLLLLLLLLLLLLLLLLLLLLLLLLLLLLLLLLLLLLLLLLLLLLLLLLLLLLLLL,1647467345.0,2,
GOALLLLL,1647467362.0,2,
NOT A FUCKING RED?,1647467372.0,2,
been watching this thinking howard webb looks mad small these days,1647467373.0,2,:Real_Madrid:
This is as bad as PSG's disaster,1647467398.0,2,
Super league master class,1647467400.0,2,
Netherlands getting exposed again.,1647467408.0,2,:Real_Madrid:
Juve in the mud,1647467416.0,2,
Danilo and Cuadrado are not champions league material. Plain and simple.,1647470095.0,6,
[removed],1647460806.0,3,
Allegri telling his players to calm down. Dude if they calm anymore they will die,1647462898.0,4,:AC_Milan:
"Vlahovic 5 mins ago: Absolutely bodies Estupian

Vlahovic now: falls over after being slightly touched",1647465861.0,4,:AC_Milan:
VAMOOOOOOS,1647466525.0,4,:Napoli:
 only juve can buy the leagues most exciting forward and then play absolutely negative football resulting in an absolute shit attack,1647466738.0,5,:AC_Milan:
Villareal has a decent lineup,1647460944.0,3,:r_soccer_user:
"My eyes are hurting, I can't distinguish between yellow and white anymore",1647463434.0,2,
Please get a penalty or an own goal or some bullshit goal,1647465268.0,4,:pride::c_Juventus:
"I wonder how often Dybala is mistaken for a ballboy by the ground staff. The ""mom cuts my hair"" haircut does not help.",1647465500.0,5,:LKS:
"Looks a bit divy to me, but maybe contact",1647466436.0,1,
Dive but also a penalty,1647466469.0,3,:Juventus:
This is hilarious. A team like Juventus should never concede a goal like that from a corner kick.,1647467002.0,2,:Argentina:
Juve getting juve‚Äôd,1647467099.0,3,:FC_Barcelona:
Since Allegri couldn‚Äôt get further than Pirlo with Juve does that mean Pirlo = Allegri in terms of managing?,1647467155.0,4,:AC_Milan:
Juventus are bad,1647467308.0,3,:FC_Barcelona:
"And I thought we had the most dramatic fall from grace. Fucking hell, at least we're doing well now can't see this Juve team improving anytime soon",1647467471.0,4,:FC_Barcelona:
Deligt dropping a shittier performance than Maguire did,1647467553.0,3,:Real_Madrid:
This commentary is awful,1647467319.0,3,:Sevilla:
ü§£ü§£ü§£The women announcers on CBS didn't realize that was a penalty.  Handball in the box wtf how do they have a job,1647467409.0,2,
[removed],1647465740.0,3,
Last time Juve looked so dominant was in 1921,1647462390.0,2,:c_AS_Roma:
[deleted],1647467449.0,3,
"Bruv, what is this luck for Juve right now",1647462202.0,2,
"There it is!! That Spanish saz√≥n!! The Villarreal dick assery begins. Calma, calma Locatelli.",1647462352.0,2,
I fckn love how Marciniak is letting all Players lay down on a field. Top ref this year in CL.,1647462646.0,2,
the shot was straight at him tbh,1647463001.0,2,
"Danjuma needs Gerard or Boluyae to score, and that's a fact",1647463662.0,2,:Villareal:
Is it international women's day today?,1647464121.0,2,:FC_Barcelona:
[removed],1647464151.0,2,
Why tf is De Sciglio playing instead of Pellegrini?,1647464164.0,2,:Italy:
"So many empty seats, how is that even possible on a CL knockout round",1647464708.0,2,:FC_Utrecht:
arthur literally scared to move the ball 1mm forwad wtf is this,1647465479.0,2,
"It‚Äôs a pen, but I almost wouldn‚Äôt give it with the way he fell",1647466488.0,2,:Feyenoord_Rotterdam:
Anyone besides me keep thinking (for a split second) the players are in a penalty box behind that glass?  Too much hockey I guess...,1647466767.0,2,:Real_Madrid:
Football is cruel sometimes LOL,1647466936.0,2,:c_Juventus:
What a time to be alive,1647466955.0,2,:AC_Milan:
"Tenim que guanyar, que estos pareixen del Castell√≥ i no podem perdre contra el Castell√≥ (o pareguts)",1647463320.0,1,:Villareal:
"That's not a pk, never.",1647466498.0,2,:c_Juventus:
Pathetic. Grazed his shin and he threw himself to the ground,1647466508.0,1,:Juventus:
Has Dybala done anything,1647467497.0,2,
VAMOS GERARD,1647466494.0,1,:Real_Madrid:
"I want Villa-real to pass, but come on. this was supposed to be the match where we were getting penalties!",1647466802.0,1,:pride::Girona_FC:
Boring game as expected. Whoever goes through will get their ass kicked in the quarters,1647465037.0,0,:Denmark:
Time wasting is ridiculous.  You'd think they're playing prime Barcelona,1647464954.0,1,:Juventus:
I said it before and will say it again. I‚Äôve seen more shit games from Deligt than I have seen good games from him.,1647467401.0,1,:Real_Madrid:
Vamos Villarreal!!!!,1647460900.0,1,:Villareal:
"Villareal, why did you hire Lo Celso? So far he still shows he's too slow in his decision-making and making the wrong choices often - so not so different from what he showed at Tottenham.",1647462283.0,1,
Did Lo celso and aurier upgrade?,1647464253.0,1,:transpride:
Rulli hates catching. Not PL-compatible.,1647465456.0,1,:r_soccer_user:
"It‚Äôs just a PK, doesn‚Äôt mean it‚Äôll be a goal.",1647466518.0,1,:FC_Barcelona:
It's obviously a pen but part of me almost wants them to give an indirect freekick in the box instead when it's simultaneously a blatant dive like that.,1647466561.0,1,:Aarhus:
"Fuck, they are going to shithouse us and kick us out with a super soft penalty kick, aren't they?",1647466562.0,1,:c_Juventus:
"Was watching the Pool match, saw the score and the first thought was wtf is happening here. Final 10 minutes was gold. Hate Agnelli and his pretentious know it all demeanour",1647469803.0,1,:r_soccer_user:
Why am i watching this instead of Arsenal vs Liverpool?!,1647461514.0,1,
DAMNNNN SO CLOSE,1647461541.0,1,:c_Juventus:
Doesnt touch him,1647466463.0,1,:Juventus:
Eastern European Collina givin the penalty,1647466474.0,1,:AC_Milan:
Game strategy: Park the bus and win with pen,1647466479.0,1,:United_States:
ü§£,1647466557.0,1,
"Never count Juve out, they have that special something occasionally",1647466808.0,1,
Vlahovic been diving a lot lately,1647466929.0,1,:FC_Barcelona:
"Inzaghi should watch this and take some notes. 

How to Chase a Lead in the Last Leg of a Knockout Tournament. 

Juve might concede, but at least they‚Äôre going for it instead of trying to rely on some fluke set piece goal.

E: aaaand within 30 seconds of me writing this, Villarreal score again.",1647466936.0,1,:AC_Milan:
Co come mai came early this year,1647467042.0,1,:AC_Milan:
Lol pk?,1647467282.0,1,:FC_Barcelona:
Adios Juve!,1647467580.0,1,
"Juve needs to score and wrap this up quickly if they don't want to suffer in the second half.    
Villarreal are called the yellow submarine, because their shithousery will drag you to the bottom of the ocean.",1647462607.0,-2,:Bayern_Munich:
Control the game for 75 and give away a pen this sport is cruel,1647466562.0,0,
I love the girls pundits but the girls commentary not it bruh,1647461296.0,0,:r_soccer_user:
English obsession with dull former players as analysts is annoying. You learn zero,1647464666.0,0,:r_soccer_user:
"That's an amazing dive Coquelin,who shot you",1647466405.0,0,:Olympiacos:
Lessssgoo,1647466563.0,0,:FC_Barcelona:
Paramount got all the sexy ladies out. Get the lotion boys,1647461203.0,-1,:r_soccer_user:
How's that a penalty though?,1647467304.0,-1,
[deleted],1647466569.0,-2,
How often did Arthur started in first eleven? I think every time I saw Juve's game he was on a bench.,1647460981.0,0,:LKS:
How did the ref miss that hand ball?,1647461373.0,0,
Cuadrado better watch his tone with morata before his shit his pants or kill his confidence. ü§£ü§£üòÇ,1647461985.0,0,:r_soccer_user:
Omg guys there it is‚Ä¶. the signature Dybala finisher!!!!,1647464990.0,0,:Liverpool:
Lesssgo!,1647466535.0,0,:Real_Madrid:
Frauds smh,1647467010.0,0,
uff,1647467020.0,0,:transpride::St_Pauli:
I just want Juventus to lose because of Danilo,1647462733.0,-4,:Real_Madrid:
Im i the only one who thinks Vlahovic was not worth the money Juve paid for him?,1647461474.0,-2,:AC_Milan:
"Both teams seem way too dependent upon individual brilliance.

They're not bad, but not exactly half final Champion's League material either...

Of course the philosophy of both coaches makes the other seem worse than they are, but neither team is really persistently through team play able to break the other down.

Juventus at least has some pace within their offensive play, but Villareal... Is this supposed to break the Juventus defense down as long as Juventus' defense doesn't make the wrong choice?",1647463074.0,-3,
completely undeserved wtf,1647466565.0,-2,:Juventus:
"Villarreal really looking dangerous, but need Moreno to come on for the second half",1647463865.0,-8,:Mexico:
"De Sciglio is so bad man. 

Dude can‚Äôt even beat the first defender with his crosses and his defending has always been sus.",1647462482.0,-2,:AC_Milan:
"Every contact in the box is not a penalty, that wasn't a penalty. The defender is trying to dispute the ball and the striker extends his legs to look for the contact.",1647466643.0,-3,:River_Plate:
That Juve sponsor makes me cringe every time I see it,1647461559.0,-1,:Celtic:
Nah no contact,1647466411.0,-1,:c_Juventus:
DIVE,1647466414.0,-1,:Virtus_Lanciano:
Not gonna lie. That chocolate and sweet vanilla blonde chick can get it. Imagine seating in between them on a 18hours plane ride Straight up suicide üòÇüòÇü§£,1647464652.0,-7,:r_soccer_user:
That gets reviewed but Albiol on vlahovic doesn‚Äôt alright,1647466679.0,-2,
"bullshit penalty, he didn't even touch him",1647466615.0,-10,:Juventus:
[deleted],1647462173.0,-3,
fucking pathetic most undeserving shit i ever seen,1647466567.0,-4,:Juventus:
how is rabiot playing,1647460989.0,1,:LA_Galaxy:
"Rabiot and De Sciglio, we're toast.",1647460997.0,1,:Italy:
Can someone explain what happend to dybala? Havent warched Juve in a while besides seeing him in the Champions League on the Bench,1647461165.0,1,:Ajax:
"This os the type of match, Morata scores a hat trick or 1 goal+ 2 off sides.",1647461226.0,1,
Close,1647461293.0,1,:c_Juventus:
Ahhhh there‚Äôs the De Sciglio I know,1647461389.0,1,:AC_Milan:
This game is putting me to sleep,1647461502.0,1,:FC_Barcelona:
MORATA NOOOOOo,1647461536.0,1,:Italy:
What are they doing,1647461791.0,1,:Real_Madrid:
"Juve gets to a chance too easily, no way they wont score (*soonish*)",1647462080.0,1,:r_soccer_user:
wow that finish..,1647462153.0,1,:r_soccer_user:
BROOO COME ON,1647462165.0,1,:c_Juventus:
I'm gonna cry bro,1647462192.0,1,:Italy:
"Pino is very strong there, Impressive.",1647462209.0,1,:r_soccer_user:
Noo so close glc,1647462215.0,1,:Real_Madrid:
Ffs,1647462220.0,1,:pride::Juventus:
Encouraging so far,1647462453.0,1,:Italy:
That is twice Villarreal was sooo close,1647462799.0,1,:Real_Madrid:
important save,1647463050.0,1,:Mexico:
How is Arthur doing this season?,1647463052.0,1,:FC_Barcelona:
Ahhh Matta so close,1647463071.0,1,:N_E_C:
And now Aurier is slipping again..,1647464874.0,1,:r_soccer_user:
He's being ordered to stand on the ball from Emery.,1647465709.0,1,:r_soccer_user:
here we go. some excitement.,1647466414.0,1,:r_soccer_user:
That's a penalty,1647466420.0,1,:FC_Barcelona:
If it was Legia referee wouldn't have any doubt ( Õ°¬∞ Õú ñ Õ°¬∞),1647466427.0,1,:Legia_Warsaw:
Clearlt a pen,1647466428.0,1,:Real_Madrid:
Pennnnn,1647466429.0,1,:Real_Madrid:
VAAAAAAAR,1647466430.0,1,:FC_Barcelona:
wtf!!,1647466468.0,1,:FC_Barcelona:
I dont care anymore LOL,1647466483.0,1,:c_Juventus:
why is rugani playing?,1647466487.0,1,:Brazil:
"Oh my fucking god, please save another one",1647466488.0,1,:pride::c_Juventus:
YESSSS!!!!,1647466493.0,1,:FC_Barcelona:
trashcan for a heart,1647466496.0,1,
Must be a pen,1647466501.0,1,:AC_Milan:
He did it against Samp!,1647466501.0,1,:AC_Milan:
That looks like a pen,1647466503.0,1,:transpride:
HAHAHAHHA,1647466514.0,1,:Argentina:
Fucking rip,1647466539.0,1,:c_Juventus:
Fuck me...,1647466541.0,1,:Juventus:
Every year,1647466572.0,1,:Juventus:
Goodbye Juve,1647466636.0,1,:Real_Madrid:
Bring in Bernardeschi,1647466647.0,1,:AC_Milan:
Let‚Äôs goooooooooo,1647466928.0,1,:Spain:
Vamos!! Villareal a cuartos,1647466929.0,1,:Real_Madrid:
Ref blind?,1647466930.0,1,
"Welp, that's it",1647466930.0,1,:pride::Argentina:
GOLLLLLLLLLLLLLLLLLLLLLLLLLLLLLLLLLLLLLLLLLLLLLLLLLLLLLLLLLLLLLLLLLLLLLLLLL,1647466931.0,1,
2-0,1647466931.0,1,:r_soccer_user:
RIP Juventus,1647466935.0,1,
PAAAAAAAAAAAU!,1647466940.0,1,:pride::Girona_FC:
Damn off that Danilo mistake. Yikes,1647466946.0,1,:Portland_Timbers:
WOW,1647466948.0,1,
Yikes de ligt,1647466955.0,1,:Feyenoord_Rotterdam:
Game set and match,1647466959.0,1,:Real_Madrid:
[deleted],1647466963.0,1,
Poor from de Ligt,1647467020.0,1,:Juventus:
Penalty? Lol,1647467258.0,1,
Lmaoooo,1647467287.0,1,:Arsenal:
Lmfao,1647467288.0,1,:Bayern_Munich:
Loooolll,1647467328.0,1,:FC_Barcelona:
LOL,1647467331.0,1,:LA_Galaxy:
Lol,1647467384.0,1,
balleeeerrrrrrr,1647467386.0,1,
No way,1647467392.0,1,:FC_Barcelona:
Who was the defender Moreno stole the ball From?,1647467401.0,1,:transpride:
Bruh,1647467412.0,1,
4 and 0 or Villa just beat a weak team.,1647467523.0,1,
"What am I going to be when I grow up, wise soothsayer",1647467167.0,12,:AS_Roma:
Lol,1647466796.0,2,
"Not really, he is extremely good and has a great foundation for the future. But, he has issues in his game 100%. His ball control in tight spaces to clean it 1st touch and beat the man in vertical is lacking and also his footwork/creativity in the last 3d is minimal.

Ffs, Reddit... the guy has his issues, he isn't perfect. I didn't say he was bad or just good or even very good. I literally said that he is extremely good. You can find issues with every player even Ronaldo or Messi, no player is 100% complete.",1647463923.0,4,:AC_Milan:
"Yeah. I honestly haven't watched him much, but he is actually pretty good",1647463726.0,2,:transpride:
I think its more a Juve regression.,1647467136.0,5,:Chelsea:
"TBH, I could easily see all three being eliminated in the quarter-finals if they get an unfortunate draw.",1647467181.0,1,:r_soccer_user:
Villarreal v. Benfica final.,1647467632.0,14,:Argentina:
One of my favourite coach,1647495263.0,3,
It‚Äôd be hard for them to not regard him as one. He‚Äôs bailed them out so many times from assists to goals. These kind of games scream for him.,1647461715.0,15,:AC_Milan:
100%,1647461805.0,3,:c_Juventus:
"Someone had to fill in for us

Didn‚Äôt expect so many takers tho",1647467626.0,8,:FC_Barcelona:
Or even just Pellegrini,1647464025.0,5,:Juventus:
"It's Juves hymn they play it every time, regardless of the result!",1647468105.0,6,:AC_Milan:
Maths checks out. Upvoted,1647467452.0,6,
He 180‚Äôd so quick you just knew.,1647466616.0,3,:AC_Milan:
Where does it rank compared to PSG last week?,1647467542.0,4,:r_soccer_user:
Italian psg,1647467528.0,5,:r_soccer_user:
"Either way, we get to blame Italians for it.",1647467731.0,8,:Real_Madrid:
PSG for sure. Their worth way more than juve,1647467574.0,4,:FC_Barcelona:
"Juve, no doubt.",1647467602.0,2,
"Psg was more of a defense flop, juve didn't create anything and didn't deserve to win over Villarreal",1647467625.0,1,:r_soccer_user:
2-0...,1647466921.0,4,:Bayern_Munich:
"Same, he deserved it after so many great performance",1647467384.0,3,:Villareal:
only hope for the league is if milan dont get drawn in pot 4 next season,1647467588.0,-6,:AC_Milan:
the four Iberian horseman!,1647467803.0,6,:Benfica:
"Every team wants Atleti, Villarreal and Benfica in their bracket. City, Liverpool, Chelsea, Real and Bayern are the teams to dodge.",1647471175.0,5,:Bayern_Munich:
how does the draw work for Quarters?,1647467924.0,2,
Waiting defensively and giving up chances left and right are not the same thing.,1647462484.0,3,:Italy:
Lahm remembers.,1647462748.0,3,:Bayern_Munich:
How is he seen among Juve fans? Has he redeemed himself for that stamp on Ramos?,1647462907.0,1,:Colombia:
[removed],1647463896.0,-3,
Legit haha,1647465299.0,1,:c_Juventus:
Everyone else injured,1647466609.0,4,:c_Juventus:
He's 28 and like 8 months away from his birthday,1647466779.0,3,:Argentina:
Hes 600months old,1647466861.0,3,:AC_Milan:
"He and I both, I swear it.",1647466745.0,2,:Germany:
i remember him tearing Barcelona apart in the first leg of the 2017 QF's,1647466753.0,1,:c_Copa_America:
Kind of my life,1647466788.0,1,:Feyenoord_Rotterdam:
And a semifinal upset by one of them?,1647467118.0,3,
Seeing one of them in the semis would be nice,1647467190.0,2,:Mexico:
"Subscribe, would be fun to watch",1647467579.0,1,:Villareal:
Smells like a 60m transfer to ManU.,1647467218.0,5,:Atletico_Madrid:
Barcelona enters the chat.,1647467149.0,2,:pride::Girona_FC:
I don‚Äôt know but this useless player is like a tourist he is touring all the clubs and no one notices what a conman he is his entire career.,1647467152.0,2,
Juve.,1647467190.0,2,:AC_Milan:
Hopefully Xavi has space for him,1647467206.0,2,:Real_Madrid:
"Hes got about 200goals, i wonder how",1647467252.0,0,:AC_Milan:
Barcelona. He runs in full circle,1647467168.0,1,:Real_Madrid:
Thank god they didn‚Äôt let Barcelona take him,1647467184.0,1,:FC_Barcelona:
"He whistled too early, should've let it play out",1647467565.0,2,:FC_Barcelona:
"Can't do that if the whistle was blown. Rules are _very_ clear about that. It's not something that the ref can ""decide"" after the fact.",1647467481.0,1,:Real_Madrid:
This is what I love about the Champions League!,1647467403.0,3,:Chelsea:
"I expected it, Villarreal are strong",1647467444.0,1,:FC_Barcelona:
Makes sense that City is in it,1647467520.0,7,:Bayern_Munich:
"Who cares, he is overrated shit",1647467758.0,0,
Yea we need another CB,1647467592.0,1,:FC_Barcelona:
"It's possible. Juve is going to overhaul the squad, which might take a few year.    
I don't think the De Ligt will want to wait for a few more years. And if he does stay, Raiola will make sure that both will be compensated accordingly.",1647467730.0,1,:Bayern_Munich:
like real doesn't know what thats like...short memory u must have. Real did 7 round of 16 exists back to back not that long ago,1647467923.0,5,:Juventus:
Cries in Bar√ßa :'(,1647467064.0,1,:FC_Barcelona:
always has been,1647467080.0,1,
553 vs 362 according to transfermakt.,1647467292.0,2,:Chelsea:
"At least it's not Bodo fucking Glimt.

Dreadful performance anyway... I hope it will serve as some kind of wake up call.",1647467654.0,0,:Juventus:
"Juve play well‚Äîall I see is praise for De Ligt, Dybala, and Cuadrado

Juve play bad‚ÄîThey all need to be sold

which one is it haha",1647491962.0,2,:r_soccer_user:
"Neither are we, it‚Äôs 0-0!",1647462032.0,9,:c_Juventus:
Emery can pull off a gritty masterclass. I still believe.,1647462097.0,2,:Real_Betis:
I think they can,1647463144.0,5,:transpride:
Pellegrini should play instead of DeSciglio.,1647463916.0,3,:r_soccer_user:
The one who has missed 423 days due to injury in the past 3 seasons?,1647463802.0,7,:AC_Milan:
"If he was 2 years younger, maybe",1647463847.0,3,:c_Juventus:
It would be weird for a 50/50 to go our way this season so I really don‚Äôt like the idea of PKs,1647464258.0,3,:Italy:
[removed],1647464877.0,5,
"I remember some Lazio away fixtures where we were less than a hundred, it felt like we were going to watch an amateur game",1647466164.0,4,:pride::Lazio:
It's like watching golf,1647466101.0,4,:FC_Barcelona:
"Hey watching chess is great, with a GM commentating and explaining everything",1647466527.0,1,:c_Atletico_Madrid:
"Literally the minute they get Moreno on, and actually try to get forward they get a penalty. Fortune favors the bold.",1647466482.0,1,:Dinamo_Zagreb:
"Italian football is not serie a, Italian football just won the Euros",1647467336.0,-1,:pride::Lazio:
I imagine all of them sitting there just starting lol even the Villareal players showed up first.,1647467457.0,1,
"Isn‚Äôt it part of the double jeopardy rule or whatever. 

You can‚Äôt give a red + a pen?",1647467395.0,3,:AC_Milan:
It didn't seem intentional,1647467374.0,2,:FC_Barcelona:
not sure if it was intentional,1647467359.0,1,
Keeper is in the goal,1647467392.0,1,:pride::Lazio:
Everytime. You get used to it eventually... Sigh,1647467747.0,1,:Juventus:
Maybe they decided it wasn't intentional since he tripped?,1647467607.0,1,:Ajax:
The rule changed so teams don‚Äôt get triple penalized for a simple foul.,1647467783.0,1,
Not intentional,1647467821.0,4,:FC_Barcelona:
"La Liga has the most Champions League titles and Europa League titles. How can their teams be trash, if they have won more European trophies than anyone else???",1647519703.0,2,
TBF inter gave Liverpool two tough games.,1647467605.0,12,:r_soccer_user:
0 italian team vs 3 spanish in CL,1647467627.0,6,
Imagine allegri vs cholo next round,1647461395.0,1,:r_soccer_user:
So you want Juve to win 3 - 2 and advance to QFs.,1647461666.0,3,:Real_Betis:
Why are you so against us?,1647461723.0,3,:Juventus:
"was gonna watch this game to see how Vlahovic plays, gonna have to watch Liverpool Arsenal instead

Can't stand commentators who persist with their pronunciation of names even after their partners say the name correctly a million times.",1647462259.0,1,:pride::Leicester_City_FC:
Haaland has missed like 3 months lmao,1647464372.0,4,:r_soccer_user:
He looks like Rollo from Vikings,1647464820.0,3,
Great name too,1647465940.0,5,:pride::Argentina:
Si li dice el Rafa es verdad,1647466435.0,1,:Villareal:
Bro they‚Äôre focusing on the league apparently.,1647466652.0,1,:AC_Milan:
Looks like Collina but hes been hitting the gym,1647466771.0,5,:AC_Milan:
S(PAIN),1647467027.0,1,:Real_Madrid:
"Allegri decided to take extra courses in Narniastan during his sabbatical, because he‚Äôs taking his shit football to a new low. Sad for Vlahovic, Cuadrado and Locatelli.",1647467122.0,1,:Borussia_Dortmund:
Arrivederci,1647467107.0,3,:AC_Milan:
Benfica knock out Bayern,1647467395.0,1,:FC_Barcelona:
yes,1647460811.0,5,:Juventus:
why? juventus are ass,1647467404.0,2,
probably the team i hate the most after united,1647468519.0,7,
"I didnt see it, but either way the referee ended it insanely fast",1647464020.0,2,:c_Juventus:
"no, the ref has been spot on so far.",1647464180.0,2,:Juventus:
Worry about that in 2 years. For now he‚Äôs pur player,1647463944.0,8,:c_Juventus:
"He would never go to City, only maybe Madrid and that's only if we still suck in 2 years",1647464078.0,3,:Italy:
I don‚Äôt think we need him for a few years so you‚Äôre still good lol,1647464121.0,3,:Real_Madrid:
I think city enquired about him,1647463884.0,1,
Is this your first time watching juve all season?,1647461361.0,2,
We play passive against bottom table teams,1647461392.0,1,:Italy:
It's exceedingly easy to believe.,1647461407.0,1,
I'm shocked. Shocked I tell you.,1647461440.0,1,:Juventus:
Allegriball,1647461516.0,1,:Canada:
"Emery 8W 2D 1L against italian teams. To be honest that 1L happened against Allegri Juve in today's stadium, emery coached Sevilla at that time",1647461759.0,2,
Rulli being jesus and the crossbar kept him from being on at least a brace,1647463571.0,9,:Juventus:
unlucky.,1647463546.0,8,:Juventus:
Pretty good imo,1647463548.0,4,:FC_Barcelona:
I think someone cursed him.,1647463668.0,1,:c_Juventus:
he is really not that good with long passes.  Locatelli is much more accurate with those in my opinion.  Also Arthur is just finding a bit of confidence and consistency.,1647464215.0,4,:Juventus:
His grandma,1647465156.0,2,:AC_Milan:
His hair stylist probably,1647465100.0,1,:Real_Madrid:
"A tank made of papier mache, apparently.",1647466024.0,2,:Argentina:
Most low intensity knockout game ever,1647466464.0,1,:c_Atletico_Madrid:
Looks like it was cut by his gf after a night of drinking,1647466897.0,3,:pride::Argentina:
looks so bad i got angry when i saw it on twitter the other day,1647466898.0,2,:Boca_Juniors:
"Thank god we are basically guaranteed the 4 spots in CL, we have been making no coefficient points lately",1647467042.0,3,:pride::Lazio:
And also one of the very best.,1647467078.0,4,:Atletico_Madrid:
Elaborate please,1647467153.0,2,:Real_Madrid:
Barca dna,1647467120.0,2,:Real_Madrid:
Does the final against Real Madrid (4-1) count?,1647469097.0,2,
"November vs Chelsea, lost 4-0 and was 4-1 aggregate",1647469772.0,1,:Boca_Juniors:
He also pulled out the Moratey.,1647462192.0,1,
I dont get it?,1647463492.0,1,:transpride:
Not sure what you mean? He didn't play great but the 1st and 2nd goal weren't his mistakes or something.,1647467828.0,0,:Netherlands:
You had a part of his rights I think but we ended up buying it,1647463243.0,3,:Real_Sociedad:
I tought he was 22 or something,1647463361.0,3,
"Replying to myself so i can find the thread
E: Oof reddit doesn't give you notification to your own reply. It's a L for me",1647463199.0,2,:transpride:
Don't think he actualy played a game for City though.,1647463347.0,2,:AC_Milan:
If Villareal scores then Juventus is losing.,1647464603.0,6,:Bayern_Munich:
Should have brought Kepa on for the pen.,1647464591.0,3,:Juventus:
Typical commentary really,1647464583.0,1,:c_Juventus:
Football is about outscoring your opponent. If we cant score and they can then that‚Äôs that. We have won playing ‚Äúworse‚Äù for years,1647465086.0,3,:c_Juventus:
"I actually think if we go through this would give us more confidence in the league. If we lose it's better for you because we might lose motivation, that's what happened last season with Pirlo",1647466809.0,1,
What does sit rep mean?,1647463802.0,3,:transpride:
He isn't a very good Goalie tbh,1647463275.0,0,:Arsenal:
Tryna look like bully Maguire,1647464952.0,3,:Juventus:
You've never watched a game which did not include the team you support?,1647465349.0,5,:transpride::Napoli:
That was me watching Man unt vs Atl√©tico,1647465315.0,2,:Villareal:
Yes,1647465654.0,1,:Villareal:
Why?,1647465734.0,1,:transpride:
"Bro, you‚Äôre preaching to the choir. I have nothing on the ladies being there but since they replaced literally every male, trying to almost ‚Äúprove us wrong‚Äù instead of just delivering proper commentary on the match, they just look unprofessional. They were talking about shootouts in the 7th minute for f sake.",1647465815.0,1,:AC_Milan:
"It seems like I hardly see refs ever give penalties, always Var",1647466536.0,1,:pride::Lazio:
"To score a second?

Edit: LMAO called it",1647466901.0,3,:Borussia_Dortmund:
"stay calm brother, you're almost there",1647466947.0,1,:Real_Madrid:
He never had the chance tbh,1647466950.0,1,:pride::Argentina:
Can't do that after the whistle. Very clear in the rules.,1647467317.0,2,:Real_Madrid:
Min 40 villa wasting time. Wtf,1647463456.0,2,:AC_Milan:
Now I‚Äôve gotta google.,1647466743.0,5,:AC_Milan:
a bald fraud with no CL's,1647467360.0,1,:Bayern_Munich:
"They were 4th in Serie A after 29 games last season, they're 4th now while paying A LOT less money.",1647467164.0,1,:Bayern_Munich:
how did united do yesterday?,1647467591.0,1,
Yes that's why United are in the dumps,1647467645.0,-4,:Liverpool:
They were very well balanced before she came in so yeah,1647467649.0,-4,:FC_Barcelona:
Rent free huh?,1647467633.0,-1,:Benfica:
isn't he basically a Dybala? not sure how injury prone is he though,1647464045.0,3,:Juventus:
Penalty is close enough.,1647466586.0,1,
From Cl to Europa league music? That‚Äôs downgrade,1647467387.0,2,:r_soccer_user:
"A back 3 of Lenglet, E.Garcia & De Ligt would like you. wouldn't it?",1647467452.0,1,:pride::Girona_FC:
Pls no,1647462498.0,5,:Juventus:
Coming from a spurs fan ü§£üòÇ,1647467182.0,1,:r_soccer_user:
I have seen more CR7 fans chatting shit about Juve than the other way around when he signed for Man U - in the end Juve are more likely to qualify to CL than Man U.,1647467449.0,0,:Bayern_Munich:
It was expected with United tho,1647467720.0,6,
"Juve are still qualifying to CL without Ronaldo, where is he with Man U? :)",1647467495.0,5,:Bayern_Munich:
He is the problem with United lol,1647467609.0,2,:Liverpool:
"Yes, they could have fallen from grace earlier.",1647467528.0,1,:Olympique_de_Marseille:
Welcome to corto muso,1647461311.0,2,:r_soccer_user:
"He's a fundamentally chaotic player. Which is why he's almost always useless, but that one time can be great.",1647465474.0,3,:transpride::Napoli:
"There's also extra time, dybala will be saved for that I think. Bernardeschi in earlier imo",1647465756.0,2,:Juventus:
French commentators say cap√∫,1647466228.0,2,:Algeria:
ni puta idea,1647466268.0,1,
√âl es Franc√©s no? Es 'Cap√∫',1647466290.0,1,:Malaga:
"El es franc√©s, casi mejor preguntar a los que hablan franc√©s no?",1647466356.0,1,:FC_Barcelona:
C'MON,1647466465.0,2,:Villareal:
Did he play in City?,1647466861.0,1,:pride::Girona_FC:
They spent a lot of time in the first half passing the ball around while Juve just watched.,1647466876.0,4,:r_soccer_user:
Pau Torres?,1647467088.0,2,:Real_Madrid:
The rule changed so teams don‚Äôt get triple penalized by a single foul.,1647467472.0,1,
He had an error that kept Netherlands out of the 2016 Euro's and then a handball and red card that knocked us out of the 2020 Euros. And somehow there's still Bayern fans that want him.,1647467645.0,1,:Netherlands:
It's why we got rid of Danilo a loooong time ago,1647471928.0,6,:Real_Madrid:
Cuadrado was arguably motm last year against porto and had 19 assists in all comps. Solid this season too just a bad game.,1647477597.0,5,:r_soccer_user:
">I‚Äôm on my knees

Interesting",1647460883.0,6,:transpride::Real_Madrid:
"they say if you can master the allegri's way, you'll be able to  stop your heart at command.",1647463062.0,4,
Parejo is the 3rd best player of La Liga by stats.,1647461254.0,1,
Just need a striker.,1647461394.0,1,:r_soccer_user:
and their best player is not in the pitch,1647465397.0,1,
Activate night mode,1647463489.0,6,:c_Juventus:
"The black magic is only in the league.  If you want both get Zidane, noob.",1647465414.0,7,:transpride::Napoli:
Done,1647466671.0,1,
"Fuck off lol, no it's not a dive. It's not a good move to keep your feet planted when you get tackled.",1647466523.0,1,:Real_Madrid:
[deleted],1647467520.0,-2,
"She saw the ref give a yellow to De Ligt and didn‚Äôt have a clue it was a penalty, she was genuinely surprised",1647467553.0,4,:FC_Porto:
"If we get the ball, then maybe",1647465863.0,4,:Villareal:
Or against Roma two months ago,1647462496.0,12,:Juventus:
"It's kinda bewildering tbh, our best performance I think when we looked both hungry and well drilled was against you guys",1647462671.0,1,
">	Fucking can‚Äôt wait to see teams spank Villarreal though

It‚Äôs not like Villarreal had any kind of bad behavior for you to say something like this.",1647467738.0,4,
Cry about it,1647467508.0,5,:Villareal:
because he threw himself in front of it,1647463033.0,1,:AFC_Bournemouth:
[removed],1647463705.0,1,
Happened on 8th. Why?,1647464430.0,2,:transpride:
it‚Äôs so frustrating because this season he has been playing well and if he had that passing range it would make it even better,1647464516.0,2,
"He just did it! Challenge complete, i guess",1647464777.0,1,:c_Juventus:
"Because he's been good? Literally our main attacking outlet on the wings, as crazy as it may sound.",1647464386.0,2,:c_Juventus:
defensive reasons,1647464376.0,1,
Pellegrini better as a sub,1647464454.0,1,:c_Juventus:
[removed],1647464760.0,15,
Because the stadium isn't allowed to be full. There are still restrictions.,1647464756.0,3,:r_soccer_user:
So no improvement since he left barca? Kinda was his trademark here besides the C&H.,1647465617.0,5,:Mexico:
"It was tough. I don't think it's never a pen, but it could have been a no call too",1647466600.0,1,:pride::Argentina:
"Knee on shin, he made a challenge and never got the ball. It's a foul, no matter how Coquelin falls (shouldn't even need to fall).",1647466583.0,0,:r_soccer_user:
"He literally came on after we were a goal down, on the pitch for 10 minutes. Wtf is he supposed to do. Allegri is fucking clueless, he was clearly keeping subs for extra time instead of trying to win...",1647467646.0,4,:Juventus:
He got a haircut,1647467602.0,2,:FC_Barcelona:
You obviously don't watch many DeLigt games then,1647467496.0,3,
"He's been amazing this season, he was unlucky today with the penalty",1647468795.0,2,:c_Juventus:
"I think he tried to bend the ""supporting arm"" rule and it may have almost worked.",1647467682.0,1,:Netherlands:
He was good at Real Betis so they probably tought that they could bring that Lo Celso back.,1647462448.0,1,
No,1647464446.0,3,:Villareal:
"dont know but. playing against juve, everyone upgrades as we leave them the ball",1647464360.0,2,
Not everyone needs to be PL compatible lol,1647465623.0,3,:transpride:
Aged like milk,1647466546.0,5,
Because its better,1647461548.0,6,
CL KO,1647461553.0,2,:transpride::Real_Madrid:
Has Arsenal v Liverpool started yet?,1647461544.0,1,:r_soccer_user:
Not in champions we dont,1647466849.0,2,:c_Juventus:
Villareal have the spanish europa boost tho.,1647466898.0,1,
Unlucky,1647467006.0,1,:Real_Madrid:
villareal dont shithouse lol,1647462711.0,8,
"You do know scoring goals is actually a difficult thing to do for some of us, right?

Typical privileged Bayern fan with their 8 goals per game ""just score some goals dude"" smh",1647462920.0,5,:Olympique_de_Marseille:
They dont shithouse,1647462668.0,2,
Villareal plays better football than Juve,1647462867.0,1,:Palestine:
"Of the two teams, Villarreal are not the shithouse one",1647463053.0,-1,:Italy:
What control,1647466599.0,3,:AC_Milan:
"""Control""",1647466762.0,1,
"I would agree if it was just normal American pundits, but having Carragher, Richards, and Henry etc has been so great for a change.",1647461395.0,3,:c_Juventus:
Is there any good former player that is also a good analyst?,1647464756.0,1,
I‚Äôm immediately having End Game flashbacks with that only girl scene.,1647461328.0,0,:AC_Milan:
Least cringe teenage boy on r soccer,1647461472.0,1,:Juventus:
"of course it‚Äôs a pen, it‚Äôs literally a goalkeeper save",1647467333.0,5,
Handball,1647467327.0,3,:Sevilla:
"There's a rule that an outfield player cannot save a goal with his hands, weird right?",1647467421.0,2,:r_soccer_user:
Cos he literally saved it with his arm,1647467470.0,2,:r_soccer_user:
Maybe spend 70m on another striker so you can score,1647466725.0,5,:Inter_Milan:
Neither have Juve tbf,1647466708.0,2,:c_Atletico_Madrid:
Well they did played better on the first leg,1647466743.0,1,:pride::Argentina:
I just want Juventus to lose because they're Juventus,1647462820.0,0,:AC_Milan:
I just want juve to lose because i dont want them to win,1647463007.0,1,:AC_Milan:
"No there‚Äôs a bunch of clueless people out there, sadly",1647461587.0,4,:c_Juventus:
Wtf,1647461681.0,2,:Juventus:
Villareal are passing and not really relying on individuals at all.,1647463410.0,1,
"They‚Äôre really not looking dangerous, Juve was the best team in the first half.",1647463913.0,12,
Villareal are in the yellow jerseys,1647464006.0,12,
Wtf game were you watching?,1647464027.0,7,:Italy:
more in danger of De Sciglio slicing one into our goal under no pressure,1647464081.0,4,:c_Juventus:
[removed],1647462558.0,3,
aren't you describing every penalty ever besides handballs??,1647466712.0,5,:Bayern_Munich:
So going by your logic only a handball can be a penalty?,1647466795.0,2,
Lol look at the knee man that‚Äôs a clear contact,1647466468.0,2,:FC_Barcelona:
Cringe,1647464771.0,7,
Wtf did I just read.,1647465226.0,2,:AC_Milan:
Clearly refs favoring Villarreal üôÑ,1647466851.0,2,:FC_Barcelona:
"He clearly touched him, still it's a 50/50 call",1647466681.0,6,:pride::Argentina:
It looked like he touched him but definitely didn't touch the ball,1647466723.0,3,:FC_Barcelona:
It was a close call but he quite clearly touched him,1647466785.0,2,:Scotland:
Hahaha you are not for real are you?,1647467102.0,1,:Real_Madrid:
Because they are the opposing team,1647462234.0,8,:Juventus:
Because they are Villareal????,1647462229.0,3,
Juve is lucky Villarreal only started attacking in the last 10 minutes honestly,1647466709.0,0,
De Sciglio is good. Can deliver a good cross at least,1647461101.0,1,:c_Juventus:
Injured,1647461195.0,5,
The past few games he is starting to show us why Barcelona bought him in the first place. I just hope he gets better at passing forward,1647463235.0,5,:Juventus:
"Better, has improved a lot, still has a long way to go as a regista though, too defensive minded in a way",1647463139.0,5,:c_Juventus:
They were eliminated by Lyon and Porto in the last two tournaments.,1647466999.0,2,:r_soccer_user:
Danilo,1647467447.0,2,:Bayern_Munich:
Danilo üòÇ,1647467568.0,1,
nah Spanish rebirth,1647467185.0,1,:Real_Madrid:
forgot the dives,1647462944.0,-2,
"I'd say this is worse, because in theory they were the strongest team and they were at home. PSG-Real Madrid was much more evenly matched, and PSG was playing in Madrid.",1647467673.0,3,:Argentina:
"This is worse. At least PSG crumbled to a massive team. Villarreal are good, but not that good.",1647467671.0,2,
Will we see him bottling the 2-0 in 10 minutes?,1647467061.0,1,:pride::Girona_FC:
"They do a draw this Friday, any team can play any team, then they also do a bracket for the semis and final so like the winner of Q1 v Q2 will play the winner of Q3 v Q4 in the semi and so on",1647468380.0,5,:Real_Madrid:
For sure. When Dybala isnt on Hes the one creating all the threats,1647463383.0,1,:c_Juventus:
"lol what? one ball on the woodwork, 2 incredible saves by Villarreal keeper, and a couple of other dangerous chances, meanwhile, they had 2 shots, how are we doing bad?",1647464149.0,3,:Juventus:
"Hey the one time I can say it I will. That said, we're clearly going to lose this game ü¶âü¶â",1647464056.0,2,:Juventus:
he shouldnt be part of the roster its what i mean the last option should be a better player,1647466661.0,1,:AC_Milan:
Thank god he didn‚Äôt come to barca,1647467218.0,1,
Xavi is a big fan of Morata,1647467253.0,1,:Real_Madrid:
"May i interest you in samuel umtiti, world cup winner",1647467969.0,3,:FC_Barcelona:
At least we have 4 trophies to make up for it. What do you have?,1647468121.0,8,:Belgium:
Lmaoo don‚Äôt care tbh we‚Äôve won enough UCLs since then to make up for it,1647468060.0,0,:Real_Madrid:
"Nah, they play well, but they deserve to play at another club, thats my point",1647528228.0,2,:transpride::St_Pauli:
Juventus goes through on away goals !,1647462096.0,2,:Algeria:
Too many close calls already. Juventus is gonna convert something,1647463253.0,3,
J Medical is always looking for new clients,1647463912.0,3,:c_Juventus:
"Yeah, I don‚Äôt think it will end well if it gets to that üòê",1647464352.0,3,:Juventus:
Messi-like xD,1647465060.0,2,:transpride:
"It looked like a whole wave of Villarreal players were coming to the box and I don‚Äôt think I saw a single Juve shirt on the reverse angle replay. They were all just walking near the halfway line. Like, wtf? 

I understand you‚Äôre losing and not going through‚Ä¶ but you can‚Äôt just give up like that, if so then just leave the pitch now. It‚Äôs a disgrace to the fans and everyone who has worn the shirt before them.",1647467601.0,1,:AC_Milan:
"Only if you make an attempt to play the ball, otherwise it would be a red",1647467971.0,1,:Real_Sociedad:
"It was intentional, he moved his arm to block the shot",1647467474.0,1,:FC_Barcelona:
"But how does that matter when it's a direct goal threat? Also, why not let the goal stand for an advantage?",1647468265.0,1,:FC_Barcelona:
Imagine being the ref for that game,1647461663.0,1,:AC_Milan:
The drama of it would be great so wouldn‚Äôt mind it tbf,1647463196.0,1,:Real_Madrid:
Lmao it‚Äôs nothing personal I promise I just like seeing smaller teams beat big teams plus Villarreal are a Spanish team,1647463117.0,2,:Real_Madrid:
Too bad for him.,1647464809.0,1,:r_soccer_user:
"Hahaha I totally see it, wonder if he could grow a beard like that too",1647464870.0,2,:pride::AC_Milan:
Meaning winning scudetto apparently.,1647466722.0,1,:AC_Milan:
Well if you watched the whole game youd know why,1647467809.0,3,:FC_Barcelona:
"Hate Barcelona, then United, then Bayern",1647468858.0,3,:Real_Madrid:
i just despise the fact that negative football dominated a whole league,1647470124.0,-8,:Real_Madrid:
"Now that I think of it, perhaps it is the first time watching them at home.  Is there always this much whistling?",1647461486.0,1,:r_soccer_user:
"Well, not that shocked",1647461498.0,1,:c_Juventus:
stealing a living,1647465491.0,2,:r_soccer_user:
Definitely one of the best left footed cb for sure,1647467142.0,2,:r_soccer_user:
"Since ESPN just picked up La Liga in the States, they did a promotional mini segment of an American supporter for Villarreal. He explains his passion for the team and talks about the fanbase. It‚Äôs honestly very cool to me because I feel a lot of similarities with him being that I now live in the US and support Milan. Most people, including my wife, just don‚Äôt really care for the sport. But for me it‚Äôs always been my life.",1647483921.0,1,:AC_Milan:
"If you‚Äôre familiar with the ESPN+ App, you go to Soccer > La Liga > then it should be somewhere on the bottom.

Edit: Found it. Titled: The 5000 Mile Fan.",1647484191.0,1,:AC_Milan:
I'll allow it.,1647471435.0,1,:r_soccer_user:
one of their bench players had couple of tampons up the nose,1647463858.0,4,:Juventus:
"Yeah they mentioned Sociedad. I don't even remember it lol
Was he good?",1647463292.0,1,:transpride:
Same üò≠,1647463443.0,1,:transpride:
I got you,1647463317.0,3,:Argentina:
No. Loaned him back to Sociedad right away who bought him eventually,1647463421.0,0,:transpride:
You are not as delusional as your username suggests,1647464641.0,3,:transpride:
"For sure, but especially in close games you cannot deny the randomic and episodic nature of events and situations which lead to goals.",1647465151.0,2,:transpride::Napoli:
Here's to hoping.,1647466866.0,1,:transpride::Napoli:
Situation report,1647463963.0,6,
[removed],1647463864.0,4,
He looks like one of the three stooges,1647465024.0,1,:c_Juventus:
"No, i always pick a side, otherwise i find it boring. If it's the PL there's always some vested interest. For the rest, it's sometimes it's simple as the jersey color",1647465468.0,1,:transpride:
"I was not unbaised, but that was a fun game",1647465503.0,2,:transpride:
It can't be explained. You either get it or you don't.,1647465797.0,2,:transpride::Napoli:
"I mean‚Ä¶ it has nothing to do with them being female or trying to prove people wrong‚Ä¶ And this isn‚Äôt just about these two Paramount+ commentators. Because the males that I‚Äôve heard do Milan games are also shit. They have one guy who doesn‚Äôt speak into the mic correctly and you can barely hear him and when you do hear him, it sounds like he is about to fall asleep‚Ä¶",1647466157.0,1,:AC_Milan:
"Cuando la romp√≠a no le dieron chances, y cuando la 1 estaba disponible no estaba atajando bien. Tuvo muy mal timing.",1647467083.0,1,:Argentina:
Ask Maguire was as bad as Deligt was today,1647467657.0,6,:Real_Madrid:
"mctominay fred maguire rashford elanga in the squad, put 28 y/o ronaldo in the and the result still wouldn't change",1647467710.0,6,
"nothing to do with ronaldo mate, just fits your narrative doesn't it. the guy's literally playing with a midfield that consists of mctominay and fred and players like maguire rashford shaw and wan bissakka",1647467834.0,7,
well the quality of the team also dropped drastically after his first season so it makes sense doesn't it?,1647467976.0,7,
idk how you took my comment but i'm mocking juve fans,1647467753.0,6,
"No, he is not Dybala. He can be a workhorse defensively too and can play a more box to box role if necessary. Dybala is more offensive.",1647464106.0,3,:c_Juventus:
He had injury issues at Tottenham,1647464166.0,2,:Juventus:
"Yes, that's the joke",1647467221.0,6,:Juventus:
Not as expected with Ronaldo there,1647467760.0,-3,:FC_Barcelona:
"Eh, he's useful. Just not 7m a year useful",1647465590.0,2,:Italy:
Thanks,1647466320.0,1,:Argentina:
"Pero no puedo preguntar en franc√©s, (y tampoco s√© c√≥mo escribir las pronunciaciones en franc√©s).",1647466456.0,1,:Argentina:
"Endavant, cony!",1647466661.0,1,:pride::Girona_FC:
S√≠,1647467198.0,3,:transpride:
I‚Äôm watching your match on Pornhub you want to join me?,1647468912.0,2,:Indonesia:
"I am, thank you very much",1647467560.0,4,:pride::c_Juventus:
not really he just waived his arms around a bit,1647463061.0,1,
"In theory he has already recovered from his injury, so I expect him in the second half",1647463801.0,1,:Villareal:
Just wondering why all the women commentators and half time commentators are on today?,1647464694.0,1,:FC_Barcelona:
"I wouldn't say De Sciglio has been good, he's seeing a lot of balls because Villareal is forcing us to play on that side on purpose. De Sciglio is actually slowing down our attacks and with a better player we'd have gotten a lot more chances from the balls he received",1647464558.0,1,:Juventus:
"Ah wasn't aware of that, thought all of Europe had no restrictions anymore. Too bad though",1647464875.0,2,:FC_Utrecht:
"He honestly hasn't even played that much in general tbh. He had that calcification for like half of last season when he was starting to gear up, and Allegri hadn't really fielded him much this season before Mckennie and Zakaria got injured",1647465785.0,1,:Juventus:
"Nah he has been pretty solid here. He does a little of forward passing, but he carries the ball forward well",1647466038.0,1,:Italy:
You got a fair chance against Tottenham i will say. Defensively you are good and Spurs are less impressive when they are sitting back sometimes,1647464604.0,0,:transpride:
"Haha. 

But i think you guys are playing good. Might force a mistake from Villarreal who have been absorbing the pressure well so far",1647464507.0,1,:transpride:
"I‚Äôm rooting for the Spanish team, and judging from Villarreal‚Äôs past bad luck in the CL it‚Äôs never a given",1647466618.0,1,:FC_Barcelona:
Watch the game I suppose?,1647466837.0,1,
"i quite like Hargreaves, he's a bit more cosmopolitan in his perspective and opinions",1647465013.0,3,:c_Juventus:
Lmao facts ü§£üòÇ,1647461364.0,1,:r_soccer_user:
..,1647461952.0,1,:r_soccer_user:
Looked like his back but whatever,1647467517.0,1,
You clearly haven‚Äôt been watching the game lmao.,1647467090.0,1,:pride::c_Juventus:
Not true lmao.,1647467106.0,1,:pride::c_Juventus:
I just want to be a part of the conversation,1647462924.0,2,
Im not saying hes bad just not worth what you paid for him.,1647461758.0,0,:AC_Milan:
"They're passing, yes - but with snail's pace at the front. Only chances Villareal created so far have come from individual actions. If they want to break Juve's defense down, that passing speed should be way faster.",1647463526.0,1,
Are we watching the same game? Lol he's so awful,1647462828.0,1,:r_soccer_user:
"Disagreed. Fell down while defending which led to the Lo Celso chance, got sucked up into the play and beaten by a flick that gave Villarreal another opportunity and I haven‚Äôt seen him put in a good cross yet. 

So, I think our definition of ‚Äúgood‚Äù is a bit different. Because I‚Äôve seen more than a couple fuck ups.",1647462900.0,1,:AC_Milan:
"No, an actual foul is a penalty. That wasn't it.",1647467403.0,1,:River_Plate:
[deleted],1647462437.0,-1,
Poor from him. Thanks,1647467484.0,1,:transpride:
ngl you guys look good. But its hard to call it a rebirth when your two best players have a combined age of 70..,1647467286.0,0,:Chelsea:
"That's why I interpreted his comment as a ""don't jinx it"", lol, but I don't know",1647464239.0,2,:Juventus:
It is what it is. Injuries have been taking a toll on our team. Unlucky,1647467285.0,1,:c_Juventus:
2017 Umititi?,1647468670.0,2,:FC_Barcelona:
Yeah. That trumps all those exits,1647468327.0,8,:r_soccer_user:
you can't use it as an imsult if you are better than us at consecutive round16 exits...,1647470125.0,-7,:Juventus:
just saying you guys are also better than us at ro16 exits. Cant really meme us for it.,1647470168.0,1,:Juventus:
Away goals have been abolished,1647462145.0,3,:Real_Madrid:
"Feels like City vs Crystal Palace part 2 NGL. 

Just hope this game doesn't get spoilt by a bad/harsh refereeing decision",1647463361.0,2,:transpride:
yeah wasn‚Äôt sure until they showed the replay,1647467515.0,1,
After seeing another angle it looked intentional. Should've been a red,1647468699.0,5,:FC_Barcelona:
"Well whats your point? Vlahovic can outscore someone whos missed 3 months? I dont understand including haaland in here.

Heres my take: junior messias is a beast outscoring players like chiesa",1647465124.0,0,:r_soccer_user:
"fair enough, was watching liverpool",1647467862.0,1,
Negative football won the game today‚Ä¶.rightfully so,1647470906.0,6,
"He was quite good but was severy lacking in aerial presence, he would stay on goal and wouldn't attack balls in the air",1647463950.0,2,:Real_Sociedad:
Ahh that makes sense. Thanks,1647464138.0,3,:transpride:
You are right then üëç,1647463929.0,2,:transpride:
"Seeing your flair, I guess you supported Atl√©tico",1647465582.0,1,:Villareal:
Lmao. I will try to understand it after the game,1647465907.0,1,:transpride:
"I watch every game, trust me I can‚Äôt stand those guys either.",1647466799.0,1,:AC_Milan:
"Si, la verdad. No creo que sea mejor que el dibu, menos en la selecci√≥n. Pero bancaron mucho tiempo a Armani cuando no se lo merecer√≠a en mi opini√≥n",1647467265.0,2,:pride::Argentina:
"Lol Juve performing today has nothing to do with Ronaldo either, for all we know they could have been worse off.",1647468001.0,2,:Liverpool:
I mean this season dybala has been doing all that shit too.,1647464223.0,1,:c_Juventus:
He‚Äôs been injured the majority of his time with us it feels,1647464370.0,2,:Tottenham_Hotspur:
It's funnier when explained.,1647467399.0,1,:Tottenham_Hotspur:
No it was still expected. Did you think Ronaldo was back at his best because he got a hat trick in his last game or something lol,1647467836.0,5,
Well I can't argue there.,1647468155.0,1,:Real_Madrid:
[removed],1647463842.0,2,
"i didnt mean as in we play shit all the time, thats our game plan and it has been working for a bit now, unai is tactical genius. he has absorbed pressure really good in this tie",1647464610.0,2,
Its hard to watch dude,1647466929.0,1,:AC_Milan:
He played abroad and has seen more than just the PL. That seems to help,1647465334.0,1,:r_soccer_user:
You dont know what relying means,1647464479.0,1,
He‚Äôs not wrong. He‚Äôs doing good‚Ä¶ for De Sciglio,1647463121.0,2,:Juventus:
"They are reserved to everybody, they are the opponents. Fuck them.

For 90 minutes they are our fiercest rivals",1647462582.0,3,:Juventus:
Tbf we‚Äôre better at everything in the UCL than you guys except losing finals lmfao,1647470477.0,2,:Real_Madrid:
I know it was sarcasm,1647462220.0,2,:Algeria:
Well I was wrong haha,1647466969.0,1,
"So Juventus dominated pretty much the whole game, they had multiple shots on target, Villarreal couldnt even cross the field. Then they fckd up with that penalty and everything was downhill from there but if you didnt watch it youd think villarreal dominated the game and kicked Juventus ass",1647468001.0,2,:FC_Barcelona:
"yeah one game where Villarreal on paper are far weaker than you guys, not half a decade of allegry-ball",1647471359.0,-7,:Real_Madrid:
"Thank you. 

Looks like Juventus can cause some troubles through corner then",1647464118.0,1,:transpride:
S√≠,1647465698.0,2,:transpride:
"that's not what i'm saying is it? no player in the world can make a huge difference with such a terrible midfield. i'm not saying the result would've been much different with cr7 in this current juve squad, but some juve fans were acting like all their problems would be solved as soon as ronaldo left with this terrible midfield. not to mention that juve's current squad with locatelli zakaria and vlahovic is better than last year's juve.",1647468181.0,2,
"Dybala has never played box to box, lol.",1647464251.0,1,:c_Juventus:
He was playing pretty well in the first few minutes of the game,1647468639.0,0,:FC_Barcelona:
"Yeah, I expect goals",1647463923.0,2,:Villareal:
Oh got it now,1647464765.0,1,:transpride:
that is true - if there is something to meme juventus about its that not the ro16 exits which btw I was surprised at how many it was for real. I thought it was like 4 or something but 7 was brutal,1647471629.0,2,:Juventus:
It‚Äôs so hard for me to tell what‚Äôs sarcasm these days.,1647462270.0,2,:Real_Madrid:
üòéü•∞,1647467283.0,1,:transpride:
"Allegri hasn‚Äôt been our coach the past two years. Before that he took us to two finals. Simeone bounced Man U yesterday with Negative football and Tuchel won the CL just last year with negative football

Plastic fans are so weird, too much twitter",1647471836.0,9,
Basado,1647465759.0,3,:Villareal:
allegri is so finished,1647467776.0,1,:FC_Barcelona:
Hehe SiiUUU,1647469234.0,3,
your comment was well-informed and level-headed until you ruined it with that last sentence.,1647478727.0,-9,:Liverpool:
The veracity of what what I said prior to the last sentence is in no way enhanced or reduced by the last sentence. I guess it wasnt level headed but then again I wasn‚Äôt trying to be. ü§∑üèΩ‚Äç‚ôÇÔ∏è,1647480750.0,2,
